-- phpMyAdmin SQL Dump
-- version 5.2.0
-- https://www.phpmyadmin.net/
--
-- Host: 127.0.0.1
-- Generation Time: Jul 16, 2024 at 08:43 PM
-- Server version: 10.4.27-MariaDB
-- PHP Version: 8.1.12

SET SQL_MODE = "NO_AUTO_VALUE_ON_ZERO";
START TRANSACTION;
SET time_zone = "+00:00";


/*!40101 SET @OLD_CHARACTER_SET_CLIENT=@@CHARACTER_SET_CLIENT */;
/*!40101 SET @OLD_CHARACTER_SET_RESULTS=@@CHARACTER_SET_RESULTS */;
/*!40101 SET @OLD_COLLATION_CONNECTION=@@COLLATION_CONNECTION */;
/*!40101 SET NAMES utf8mb4 */;

--
-- Database: `healthyshapes`
--

-- --------------------------------------------------------

--
-- Table structure for table `carts`
--

CREATE TABLE `carts` (
  `id` bigint(20) UNSIGNED NOT NULL,
  `customer_id` bigint(20) UNSIGNED NOT NULL,
  `product_id` bigint(20) UNSIGNED NOT NULL,
  `pty` int(11) NOT NULL,
  `price` int(11) NOT NULL,
  `created_at` timestamp NULL DEFAULT NULL,
  `updated_at` timestamp NULL DEFAULT NULL
) ENGINE=InnoDB DEFAULT CHARSET=utf8mb4 COLLATE=utf8mb4_unicode_ci;

--
-- Dumping data for table `carts`
--

INSERT INTO `carts` (`id`, `customer_id`, `product_id`, `pty`, `price`, `created_at`, `updated_at`) VALUES
(1, 197, 10, 1, 99000, NULL, NULL),
(2, 198, 10, 1, 99000, NULL, NULL),
(3, 198, 41, 1, 49000, NULL, NULL),
(4, 200, 10, 2, 99000, NULL, NULL),
(5, 200, 11, 1, 39000, NULL, NULL),
(6, 201, 8, 1, 23000, NULL, NULL),
(7, 201, 11, 10, 39000, NULL, NULL),
(8, 202, 11, 2, 39000, NULL, NULL),
(9, 203, 9, 2, 42000, NULL, NULL),
(10, 204, 8, 3, 23000, NULL, NULL),
(11, 205, 11, 2, 39000, NULL, NULL),
(12, 206, 10, 2, 99000, NULL, NULL);

-- --------------------------------------------------------

--
-- Table structure for table `customers`
--

CREATE TABLE `customers` (
  `id` bigint(20) UNSIGNED NOT NULL,
  `name` varchar(255) NOT NULL,
  `phone` varchar(255) NOT NULL,
  `address` varchar(255) NOT NULL,
  `email` varchar(255) NOT NULL,
  `status` varchar(255) NOT NULL DEFAULT 'Đang chuẩn bị',
  `content` text DEFAULT NULL,
  `created_at` timestamp NULL DEFAULT NULL,
  `updated_at` timestamp NULL DEFAULT NULL
) ENGINE=InnoDB DEFAULT CHARSET=utf8mb4 COLLATE=utf8mb4_unicode_ci;

--
-- Dumping data for table `customers`
--

INSERT INTO `customers` (`id`, `name`, `phone`, `address`, `email`, `status`, `content`, `created_at`, `updated_at`) VALUES
(1, 'minh anh', '0336576736', 'chương mỹ hà nội', 'anhsmile29@gmail.com', 'Đang chuẩn bị', 'gdgrdv', '2024-06-12 10:20:10', '2024-06-12 10:20:10'),
(2, 'hoàng anh', '0336576736', 'chương mỹ hà nội', 'tuanh292929@gmail.com', 'Đang chuẩn bị', 'size M, màu trắng', '2024-06-13 20:27:16', '2024-06-13 20:27:16'),
(3, 'hoàng anh', '0336576736', 'chương mỹ hà nội', 'tuanh292929@gmail.com', 'Đang chuẩn bị', 'hfhjdd', '2024-06-13 20:43:17', '2024-06-13 20:43:17'),
(4, 'hoàng anh', '0336576736', 'chương mỹ hà nội', 'tuanh292929@gmail.com', 'Đang chuẩn bị', 'cghgbvff', '2024-06-13 20:48:45', '2024-06-13 20:48:45'),
(5, 'hoàng', '5344343', 'fsdvf', 'tuanh292929@gmail.com', 'Đang chuẩn bị', 'gcvgfd', '2024-06-13 20:51:02', '2024-06-13 20:51:02'),
(6, 'hoàng', '5344343', 'fsdvf', 'tuanh292929@gmail.com', 'Đang chuẩn bị', 'dhakjd', '2024-06-13 21:12:24', '2024-06-13 21:12:24'),
(7, 'hoàng', '5344343', 'fsdvf', 'tuanh292929@gmail.com', 'Đang chuẩn bị', 'grdgrdf', '2024-06-14 02:42:57', '2024-06-14 02:42:57'),
(8, 'Ánh', '0336576736', 'hà nội', 'tuanh292929@gmail.com', 'Đang chuẩn bị', 'yded', '2024-06-14 10:07:31', '2024-06-14 10:07:31'),
(9, 'Minh Ánh', '0336576736', 'hà nội', 'tuanh292929@gmail.com', 'Đang chuẩn bị', 'grdrgt', '2024-06-14 10:37:46', '2024-06-14 10:37:46'),
(10, 'Minh Ánh', '0335765788', 'hà nội', 'tuanh292929@gmail.com', 'Đang chuẩn bị', 'evfbfgf', '2024-06-14 10:43:01', '2024-06-14 10:43:01'),
(11, 'Hoàng Ánh', '0335765788', 'hà nội', 'tuanh292929@gmail.com', 'Đang chuẩn bị', 'gdesvws', '2024-06-14 11:00:44', '2024-06-14 11:00:44'),
(12, 'Hoàng Ánh', '0335765788', 'hà nội', 'tuanh292929@gmail.com', 'Đang chuẩn bị', 'ncdsjdhhd', '2024-06-14 11:01:08', '2024-06-14 11:01:08'),
(13, 'Hoàng Ánh', '0335765788', 'hà nội', 'tuanh292929@gmail.com', 'Đang chuẩn bị', 'dẹmd8337md', '2024-06-14 11:01:57', '2024-06-14 11:01:57'),
(14, 'Hoàng Ánh', '0335765788', 'hà nội', 'tuanh292929@gmail.com', 'Đang chuẩn bị', 'tẻgeferf', '2024-06-14 11:03:15', '2024-06-14 11:03:15'),
(15, 'Hoàng Ánh', '0335765788', 'hà nội', 'tuanh292929@gmail.com', 'Đang chuẩn bị', 'fdfvf', '2024-06-14 11:05:51', '2024-06-14 11:05:51'),
(16, 'Hoàng Ánh', '0335765788', 'hà nội', 'tuanh292929@gmail.com', 'Đang chuẩn bị', 'hdrdbf', '2024-06-14 11:14:35', '2024-06-14 11:14:35'),
(17, 'Hoàng Ánh', '0335765788', 'hà nội', 'tuanh292929@gmail.com', 'Đang chuẩn bị', 'bfdfv', '2024-06-14 11:22:13', '2024-06-14 11:22:13'),
(18, 'Hoàng Ánh', '0335765788', 'hà nội', 'tuanh292929@gmail.com', 'Đang chuẩn bị', 'edvfvcf', '2024-06-14 11:22:38', '2024-06-14 11:22:38'),
(19, 'Minh Ánh', '0335765788', 'hà nội', 'tuanh292929@gmail.com', 'Đang chuẩn bị', 'xjk jkx', '2024-06-14 11:27:14', '2024-06-14 11:27:14'),
(20, 'Minh Ánh', '0336576736', 'hà nội', 'tuanh292929@gmail.com', 'Đang chuẩn bị', 'hgg', '2024-06-14 11:38:13', '2024-06-14 11:38:13'),
(21, 'Minh Ánh', '0336576736', 'hà nội', 'tuanh292929@gmail.com', 'Đang chuẩn bị', 'ynhwehe', '2024-06-14 12:02:55', '2024-06-14 12:02:55'),
(22, 'Minh Ánh', '0336576736', 'hà nội', 'tuanh292929@gmail.com', 'Đang chuẩn bị', 'khuhh', '2024-06-14 12:05:06', '2024-06-14 12:05:06'),
(23, 'Minh Ánh', '0336576736', 'hà nội', 'tuanh292929@gmail.com', 'Đang chuẩn bị', 'h by', '2024-06-14 12:07:46', '2024-06-14 12:07:46'),
(24, 'Minh Ánh', '0336576736', 'hà nội', 'tuanh292929@gmail.com', 'Đang chuẩn bị', 'tfvdfgd', '2024-06-14 12:54:13', '2024-06-14 12:54:13'),
(25, 'Minh Ánh', '0336576736', 'hà nội', 'tuanh292929@gmail.com', 'Đang chuẩn bị', 'dhnhd', '2024-06-14 12:55:08', '2024-06-14 12:55:08'),
(26, 'Minh Ánh', '0336576736', 'hà nội', 'tuanh292929@gmail.com', 'Đang chuẩn bị', 'jnfd', '2024-06-14 12:56:41', '2024-06-14 12:56:41'),
(27, 'minh anh', '0336576736', 'hà nội', 'anhsmile29@gmail.com', 'Đang chuẩn bị', 'fffv', '2024-06-14 13:10:25', '2024-06-14 13:10:25'),
(28, 'minh anh', '0336576736', 'hà nội', 'anhsmile29@gmail.com', 'Đang chuẩn bị', 'xdcvghj', '2024-06-14 13:19:38', '2024-06-14 13:19:38'),
(29, 'Minh Ánh', '0335765788', 'hà nội', 'tuanh292929@gmail.com', 'Đang chuẩn bị', 'ftgehsd', '2024-06-14 13:24:58', '2024-06-14 13:24:58'),
(30, 'minh anh', '0336576736', 'hà nội', 'anhsmile29@gmail.com', 'Đang chuẩn bị', 'hdkfn ehjd', '2024-06-14 14:38:07', '2024-06-14 14:38:07'),
(31, 'Hoàng Ánh', '0335765788', 'hà nội', 'tuanh292929@gmail.com', 'Đang chuẩn bị', 'jdgrdf', '2024-06-14 14:39:58', '2024-06-14 14:39:58'),
(32, 'Minh Ánh', '0335765788', 'hà nội', 'tuanh292929@gmail.com', 'Đang chuẩn bị', 'jhttfrdrf', '2024-06-14 14:42:29', '2024-06-14 14:42:29'),
(33, 'Minh Ánh', '0336576736', 'hà nội', 'tuanh292929@gmail.com', 'Đang chuẩn bị', 'grfeewe', '2024-06-14 14:45:46', '2024-06-14 14:45:46'),
(34, 'Hoàng Ánh', '0335765788', 'hà nội', 'tuanh292929@gmail.com', 'Đang chuẩn bị', 'ềdedeedd', '2024-06-14 14:48:20', '2024-06-14 14:48:20'),
(35, 'Minh Ánh', '0335765788', 'hà nội', 'tuanh292929@gmail.com', 'Đang chuẩn bị', 'gdesdws', '2024-06-14 14:50:38', '2024-06-14 14:50:38'),
(36, 'Hoàng Ánh', '0335765788', 'hà nội', 'tuanh292929@gmail.com', 'Đang chuẩn bị', 'ygdfs', '2024-06-14 14:52:48', '2024-06-14 14:52:48'),
(37, 'Hoàng Ánh', '0335765788', 'hà nội', 'tuanh292929@gmail.com', 'Đang chuẩn bị', 'fdfgf', '2024-06-14 20:32:34', '2024-06-14 20:32:34'),
(38, 'Hoàng Ánh', '0335765788', 'hà nội', 'tuanh292929@gmail.com', 'Đang chuẩn bị', 'gfdsds', '2024-06-14 21:26:09', '2024-06-14 21:26:09'),
(39, 'Hoàng Ánh', '0335765788', 'hà nội', 'tuanh292929@gmail.com', 'Đang chuẩn bị', 'jv efsd vd', '2024-06-14 21:36:40', '2024-06-14 21:36:40'),
(40, 'Hoàng Ánh', '0335765788', 'hà nội', 'tuanh292929@gmail.com', 'Đang chuẩn bị', 'tftgtgtg', '2024-06-14 21:42:19', '2024-06-14 21:42:19'),
(41, 'Minh Ánh', '0335765788', 'hà nội', 'tuanh292929@gmail.com', 'Đang chuẩn bị', 'hgvfs ứd', '2024-06-14 21:52:56', '2024-06-14 21:52:56'),
(42, 'Hoàng Ánh', '0335765788', 'hà nội', 'tuanh292929@gmail.com', 'Đang chuẩn bị', 'fvgvbgbf', '2024-06-14 21:54:37', '2024-06-14 21:54:37'),
(43, 'hoàng anh', '0336576736', 'chương mỹ hà nội', 'tuanh292929@gmail.com', 'Đang chuẩn bị', 'egfdbfv', '2024-06-14 23:04:27', '2024-06-14 23:04:27'),
(44, 'Minh Ánh', '0336576736', 'hà nội', 'tuanh292929@gmail.com', 'Đang chuẩn bị', '3fbg', '2024-06-14 23:09:05', '2024-06-14 23:09:05'),
(45, 'Hoàng Ánh', '0335765788', 'hà nội', 'tuanh292929@gmail.com', 'Đang chuẩn bị', 'fsdcf', '2024-06-14 23:13:16', '2024-06-14 23:13:16'),
(46, 'hoàng anh', '0336576736', 'hà nội', 'tuanh292929@gmail.com', 'Đang chuẩn bị', 'cfvgf', '2024-06-14 23:15:39', '2024-06-14 23:15:39'),
(47, 'Minh Ánh', '0335765788', 'hà nội', 'tuanh292929@gmail.com', 'Đang chuẩn bị', 'dcwded', '2024-06-14 23:17:59', '2024-06-14 23:17:59'),
(48, 'Hoàng Ánh', '0335765788', 'hà nội', 'tuanh292929@gmail.com', 'Đang chuẩn bị', 'dff', '2024-06-14 23:20:27', '2024-06-14 23:20:27'),
(49, 'Minh Ánh', '0335765788', 'hà nội', 'tuanh292929@gmail.com', 'Đang chuẩn bị', 'hvgdfv', '2024-06-14 23:27:58', '2024-06-14 23:27:58'),
(50, 'Minh Ánh', '0335765788', 'hà nội', 'tuanh292929@gmail.com', 'Đang chuẩn bị', 'gdfvtretg', '2024-06-15 02:14:05', '2024-06-15 02:14:05'),
(51, 'Minh Ánh', '0335765788', 'hà nội', 'anhsmile29@gmail.com', 'Đang chuẩn bị', 'oke', '2024-06-23 02:02:00', '2024-06-23 02:02:00'),
(52, 'minh anh', '0336576736', 'chương mỹ hà nội', 'anhsmile29@gmail.com', 'Đang chuẩn bị', 'ok', '2024-06-23 02:22:02', '2024-06-23 02:22:02'),
(53, 'minh anh', '0336576736', 'chương mỹ hà nội', 'anhsmile29@gmail.com', 'Đang chuẩn bị', 'okk', '2024-06-23 02:22:43', '2024-06-23 02:22:43'),
(54, 'minh anh', '0336576736', 'chương mỹ hà nội', 'anhsmile29@gmail.com', 'Đang chuẩn bị', 'kk', '2024-06-23 02:23:46', '2024-06-23 02:23:46'),
(55, 'hoàng anh', '0336576736', 'chương mỹ hà nội', 'tuanh292929@gmail.com', 'Đang chuẩn bị', 'kkk', '2024-06-23 20:52:06', '2024-06-23 20:52:06'),
(56, 'minh anh', '0336576736', 'chương mỹ hà nội', 'anhsmile29@gmail.com', 'Đang chuẩn bị', 'okk', '2024-06-23 23:26:56', '2024-06-23 23:26:56'),
(57, 'minh anh', '0336576736', 'chương mỹ hà nội', 'anhsmile29@gmail.com', 'Đang chuẩn bị', 'grfd', '2024-06-23 23:32:59', '2024-06-23 23:32:59'),
(58, 'Minh Ánh', '0335765788', 'hà nội', 'anhsmile29@gmail.com', 'Đang chuẩn bị', 'ok', '2024-06-24 01:06:12', '2024-06-24 01:06:12'),
(59, 'minh anh', '0336576736', 'chương mỹ hà nội', 'anhsmile29@gmail.com', 'Đang chuẩn bị', 'ok', '2024-06-24 01:14:23', '2024-06-24 01:14:23'),
(60, 'minh anh', '0336576736', 'chương mỹ hà nội', 'anhsmile29@gmail.com', 'Đang chuẩn bị', 'ok', '2024-06-24 01:43:17', '2024-06-24 01:43:17'),
(61, 'minh anh', '0336576736', 'chương mỹ hà nội', 'anhsmile29@gmail.com', 'Đang chuẩn bị', 'klkkl', '2024-06-24 01:43:45', '2024-06-24 01:43:45'),
(62, 'minh anh', '0336576736', 'chương mỹ hà nội', 'anhsmile29@gmail.com', 'Đang chuẩn bị', 'ok', '2024-06-24 01:50:50', '2024-06-24 01:50:50'),
(63, 'minh anh', '0336576736', 'chương mỹ hà nội', 'anhsmile29@gmail.com', 'Đang chuẩn bị', 'ok', '2024-06-24 01:51:09', '2024-06-24 01:51:09'),
(64, 'minh anh', '0336576736', 'chương mỹ hà nội', 'anhsmile29@gmail.com', 'Đang chuẩn bị', 'ok', '2024-06-24 03:49:01', '2024-06-24 03:49:01'),
(65, 'hoàng anh', '0336576736', 'chương mỹ hà nội', 'tuanh292929@gmail.com', 'Đang chuẩn bị', 'ok', '2024-06-24 03:49:44', '2024-06-24 03:49:44'),
(66, 'minh anh', '0336576736', 'chương mỹ hà nội', 'anhsmile29@gmail.com', 'Đang chuẩn bị', 'plkk', '2024-06-24 03:50:17', '2024-06-24 03:50:17'),
(67, 'minh anh', '0336576736', 'chương mỹ hà nội', 'anhsmile29@gmail.com', 'Đang chuẩn bị', 'okk', '2024-06-24 03:53:32', '2024-06-24 03:53:32'),
(68, 'minh anh', '0336576736', 'chương mỹ hà nội', 'anhsmile29@gmail.com', 'Đang chuẩn bị', 'lk', '2024-06-24 03:54:15', '2024-06-24 03:54:15'),
(69, 'hoàng anh', '0336576736', 'chương mỹ hà nội', 'tuanh292929@gmail.com', 'Đang chuẩn bị', 'cdczc', '2024-06-24 04:18:17', '2024-06-24 04:18:17'),
(70, 'hoàng anh', '0336576736', 'chương mỹ hà nội', 'tuanh292929@gmail.com', 'Đang chuẩn bị', '433', '2024-06-24 04:19:29', '2024-06-24 04:19:29'),
(71, 'minh anh', '0336576736', 'chương mỹ hà nội', 'anhsmile29@gmail.com', 'Đang chuẩn bị', '9', '2024-06-24 04:22:34', '2024-06-24 04:22:34'),
(72, 'hoàng anh', '0336576736', 'chương mỹ hà nội', 'tuanh292929@gmail.com', 'Đang chuẩn bị', 'ok', '2024-06-24 04:34:06', '2024-06-24 04:34:06'),
(73, 'hoàng anh', '0336576736', 'chương mỹ hà nội', 'tuanh292929@gmail.com', 'Đang chuẩn bị', '5', '2024-06-24 08:20:31', '2024-06-24 08:20:31'),
(74, 'minh anh', '0336576736', 'chương mỹ hà nội', 'anhsmile29@gmail.com', 'Đang chuẩn bị', 'dsds', '2024-06-24 08:26:12', '2024-06-24 08:26:12'),
(75, 'hoàng anh', '0336576736', 'chương mỹ hà nội', 'tuanh292929@gmail.com', 'Đang chuẩn bị', 'ok', '2024-06-24 08:31:34', '2024-06-24 08:31:34'),
(76, 'minh anh', '0336576736', 'chương mỹ hà nội', 'anhsmile29@gmail.com', 'Đang chuẩn bị', 'k', '2024-06-24 08:40:32', '2024-06-24 08:40:32'),
(77, 'hoàng anh', '0336576736', 'chương mỹ hà nội', 'tuanh292929@gmail.com', 'Đang chuẩn bị', '6', '2024-06-24 08:46:02', '2024-06-24 08:46:02'),
(78, '05 - Nguyễn Thị Tú Anh', '0327986664', 'vdv', '2051063614@e.tlu.edu.vn', 'Đang chuẩn bị', '6', '2024-06-24 08:49:09', '2024-06-24 08:49:09'),
(79, '05 - Nguyễn Thị Tú Anh', '0327986664', 'vdv', '2051063614@e.tlu.edu.vn', 'Đang chuẩn bị', '2', '2024-06-24 08:53:11', '2024-06-24 08:53:11'),
(80, 'minh anh', '0336576736', 'chương mỹ hà nội', 'anhsmile29@gmail.com', 'Đang chuẩn bị', '9', '2024-06-24 09:00:41', '2024-06-24 09:00:41'),
(81, 'minh anh', '0336576736', 'chương mỹ hà nội', 'anhsmile29@gmail.com', 'Đang chuẩn bị', 'kk', '2024-06-24 09:06:08', '2024-06-24 09:06:08'),
(82, 'minh anh', '0335765788', 'hà nội', 'tuanh292929@gmail.com', 'Đang chuẩn bị', '3', '2024-06-24 09:10:18', '2024-07-01 13:46:52'),
(83, 'hoàng anh', '0336576736', 'chương mỹ hà nội', 'tuanh292929@gmail.com', 'Đang chuẩn bị', 'ss', '2024-06-25 01:30:33', '2024-06-25 01:30:33'),
(84, 'hoàng anh', '0336576736', 'chương mỹ hà nội', 'tuanh292929@gmail.com', 'Đang chuẩn bị', 's', '2024-06-25 01:31:43', '2024-07-01 13:50:47'),
(85, 'hoàng anh', '0336576736', 'chương mỹ hà nội', 'tuanh292929@gmail.com', 'Đang giao hàng', '2', '2024-06-25 01:52:56', '2024-07-03 09:44:12'),
(86, 'minh anh', '0336576736', 'chương mỹ hà nội', 'anhsmile29@gmail.com', 'Đang chuẩn bị', 'dss', '2024-06-25 01:56:41', '2024-06-25 01:56:41'),
(87, 'hoàng anh', '0336576736', 'chương mỹ hà nội', 'tuanh292929@gmail.com', 'Đang chuẩn bị', '4', '2024-06-25 02:04:49', '2024-06-25 02:04:49'),
(88, 'hoàng anh', '0336576736', 'chương mỹ hà nội', 'tuanh292929@gmail.com', 'Đã giao thành công', '3', '2024-06-25 02:05:56', '2024-07-01 14:32:25'),
(89, 'hoàng anh', '0336576736', 'chương mỹ hà nội', 'tuanh292929@gmail.com', 'Đang chuẩn bị', '3', '2024-06-25 02:11:58', '2024-07-01 13:37:00'),
(90, 'hoàng anh', '0336576736', 'chương mỹ hà nội', 'tuanh292929@gmail.com', 'Đã giao thành công', 'ggrffr', '2024-06-25 02:17:26', '2024-07-01 14:38:35'),
(91, 'minh anh', '0335765788', 'hà nội', 'tuanh292929@gmail.com', 'Đã hủy', 'đê', '2024-06-25 22:46:49', '2024-07-01 14:16:09'),
(92, 'măm măm', '0336576736', 'hà nội', 'tuanh292929@gmail.com', 'Đã giao thành công', 'trre', '2024-06-30 10:59:07', '2024-07-01 14:16:07'),
(93, 'ngọc', '0335765788', 'hà nội', 'anhsmile29@gmail.com', 'Đang giao hàng', 'qâds', '2024-07-01 09:04:48', '2024-07-01 14:16:04'),
(94, 'ngọccc', '0335765788', 'hà nội', 'anhsmile29@gmail.com', 'Đã giao thành công', 'fsds', '2024-07-01 10:30:37', '2024-07-01 14:32:29'),
(95, 'tanh', '0335765788', 'hà nội', 'anhsmile29@gmail.com', 'Đã giao thành công', 'edwd', '2024-07-01 12:19:48', '2024-07-01 14:32:22'),
(96, 'ngọc anh', '0335765788', 'hà nội', 'anhsmile29@gmail.com', 'Đã giao thành công', 'iuuij', '2024-07-01 14:18:10', '2024-07-01 14:32:20'),
(97, 'tanh', '0335765788', 'hà nội', 'anhsmile29@gmail.com', 'Đang chuẩn bị', 'êw', '2024-07-01 15:31:06', '2024-07-01 15:31:06'),
(98, 'minh anh', '0336576736', 'chương mỹ hà nội', 'anhsmile29@gmail.com', 'Đang chuẩn bị', 'ffeded', '2024-07-03 12:02:12', '2024-07-03 12:02:12'),
(99, 'hoàng anh', '0336576736', 'chương mỹ hà nội', 'tuanh292929@gmail.com', 'Đang chuẩn bị', 'vdc', '2024-07-03 17:21:01', '2024-07-03 17:21:01'),
(100, 'Hoàng Ánh', '0335765788', 'hà nội', 'tuanh292929@gmail.com', 'Đang giao hàng', 'hh', '2024-07-05 08:46:48', '2024-07-06 01:49:02'),
(101, 'minh anh', '0335765788', 'hà nội', 'anhsmile29@gmail.com', 'Đang giao hàng', 'dsđ', '2024-07-05 18:29:18', '2024-07-06 01:49:00'),
(113, 'Hoàng Ánh', '0335765788', 'hà nội', 'tuanh292929@gmail.com', 'Đang giao hàng', 'fdss', '2024-07-06 01:25:07', '2024-07-06 01:48:58'),
(114, 'ngọc', '0335765788', 'hà nội', 'anhsmile29@gmail.com', 'Đang chuẩn bị', 'bcds', '2024-07-06 02:04:01', '2024-07-06 02:04:01'),
(115, 'Hoàng Ánh', '0335765788', 'hà nội', 'tuanh292929@gmail.com', 'Đã hủy', 'fssas', '2024-07-06 02:14:36', '2024-07-06 20:58:15'),
(116, 'minh anh', '0336576736', 'chương mỹ hà nội', 'anhsmile29@gmail.com', 'Đang chuẩn bị', 'fedws', '2024-07-06 02:16:17', '2024-07-06 02:16:17'),
(117, 'minh anh', '0336576736', 'chương mỹ hà nội', 'anhsmile29@gmail.com', 'Đã giao thành công', 'dssd', '2024-07-06 02:16:44', '2024-07-06 11:43:25'),
(118, 'minh anh', '0336576736', 'chương mỹ hà nội', 'anhsmile29@gmail.com', 'Đã giao thành công', 'fas', '2024-07-06 02:18:00', '2024-07-06 11:43:27'),
(119, 'ngọc', '0335765788', 'hà nội', 'anhsmile29@gmail.com', 'Đã giao thành công', 'tgrf', '2024-07-06 08:03:27', '2024-07-06 11:43:22'),
(120, 'minh anh', '0335765788', 'hà nội', 'tuanh292929@gmail.com', 'Đang chuẩn bị', 'hyhuh', '2024-07-06 08:25:13', '2024-07-06 08:25:13'),
(121, 'Hoàng Ánh', '0335765788', 'hà nội', 'tuanh292929@gmail.com', 'Đang giao hàng', 'sdsd', '2024-07-06 10:36:36', '2024-07-06 11:43:03'),
(122, 'minh anh', '0336576736', 'chương mỹ hà nội', 'anhsmile29@gmail.com', 'Đã giao thành công', 'aa', '2024-07-06 11:42:08', '2024-07-06 11:43:18'),
(123, 'ngọc', '0335765788', 'hà nội', 'anhsmile29@gmail.com', 'Đang giao hàng', 'csxsx', '2024-07-06 11:42:41', '2024-07-06 11:42:58'),
(124, 'minh anh', '0336576736', 'chương mỹ hà nội', 'anhsmile29@gmail.com', 'Đang chuẩn bị', 'fessdsd', '2024-07-06 20:30:28', '2024-07-06 20:30:28'),
(125, 'minh anh', '0336576736', 'chương mỹ hà nội', 'anhsmile29@gmail.com', 'Đang chuẩn bị', '3', '2024-07-06 20:32:21', '2024-07-06 20:32:21'),
(126, 'hoàng anh', '0336576736', 'hà nội', 'tuanh292929@gmail.com', 'Đang chuẩn bị', 'fdws', '2024-07-06 22:35:04', '2024-07-06 22:35:04'),
(127, 'minh anh', '0335765788', 'hà nội', 'anhsmile29@gmail.com', 'Đã hủy', 'vdvcsx', '2024-07-06 22:38:37', '2024-07-06 22:44:48'),
(128, 'hoàng anh', '0336576736', 'chương mỹ hà nội', 'tuanh292929@gmail.com', 'Đang chuẩn bị', 'fawSas', '2024-07-06 22:40:43', '2024-07-06 22:40:43'),
(129, 'hoàng anh', '0336576736', 'chương mỹ hà nội', 'tuanh292929@gmail.com', 'Đang giao hàng', 'fawSas', '2024-07-06 22:43:07', '2024-07-06 22:44:46'),
(130, 'hoàng anh', '0336576736', 'chương mỹ hà nội', 'tuanh292929@gmail.com', 'Đang chuẩn bị', 'fawSas', '2024-07-06 22:43:16', '2024-07-06 22:43:16'),
(131, 'minh anh', '0335765788', 'hà nội', 'tuanh292929@gmail.com', 'Đang chuẩn bị', 'fefdwzs', '2024-07-06 22:47:56', '2024-07-06 22:47:56'),
(132, 'minh anh', '0335765788', 'hà nội', 'tuanh292929@gmail.com', 'Đang chuẩn bị', 'ádsz', '2024-07-06 22:51:20', '2024-07-06 22:51:20'),
(133, 'minh anh', '0335765788', 'hà nội', 'tuanh292929@gmail.com', 'Đang chuẩn bị', 'fdss', '2024-07-06 23:01:46', '2024-07-06 23:01:46'),
(134, 'hoàng anh', '0336576736', 'chương mỹ hà nội', 'tuanh292929@gmail.com', 'Đang chuẩn bị', 'fssa', '2024-07-06 23:06:35', '2024-07-06 23:06:35'),
(137, 'minh anh', '0336576736', 'chương mỹ hà nội', 'anhsmile29@gmail.com', 'Đang chuẩn bị', 'dá', '2024-07-06 23:09:58', '2024-07-06 23:09:58'),
(138, 'minh anh', '0336576736', 'chương mỹ hà nội', 'anhsmile29@gmail.com', 'Đang chuẩn bị', 'gfđ', '2024-07-06 23:23:25', '2024-07-06 23:23:25'),
(139, 'minh anh', '0336576736', 'chương mỹ hà nội', 'tuanh292929@gmail.com', 'Đang chuẩn bị', 'ssas', '2024-07-06 23:26:26', '2024-07-06 23:26:26'),
(140, 'minh anh', '0336576736', 'chương mỹ hà nội', 'tuanh292929@gmail.com', 'Đang chuẩn bị', 'jjij', '2024-07-06 23:27:50', '2024-07-06 23:27:50'),
(141, 'minh anh', '0336576736', 'chương mỹ hà nội', 'tuanh292929@gmail.com', 'Đang chuẩn bị', 'ưeeszd', '2024-07-06 23:31:25', '2024-07-06 23:31:25'),
(142, 'minh anh', '0336576736', 'chương mỹ hà nội', 'tuanh292929@gmail.com', 'Đang chuẩn bị', 'dâs', '2024-07-06 23:36:15', '2024-07-06 23:36:15'),
(143, 'minh anh', '0336576736', 'chương mỹ hà nội', 'tuanh292929@gmail.com', 'Đã giao thành công', 'fszdsas', '2024-07-06 23:37:24', '2024-07-09 02:10:00'),
(144, 'minh anh', '0336576736', 'chương mỹ hà nội', 'tuanh292929@gmail.com', 'Đang chuẩn bị', 'dsss', '2024-07-06 23:39:39', '2024-07-06 23:39:39'),
(145, 'hoàng anh', '0336576736', 'chương mỹ hà nội', 'tuanh292929@gmail.com', 'Đang chuẩn bị', 'dsas', '2024-07-06 23:41:34', '2024-07-06 23:41:34'),
(146, 'hoàng anh', '0336576736', 'chương mỹ hà nội', 'tuanh292929@gmail.com', 'Đang chuẩn bị', 'dsd', '2024-07-06 23:43:27', '2024-07-06 23:43:27'),
(147, 'hoàng anh', '0336576736', 'chương mỹ hà nội', 'tuanh292929@gmail.com', 'Đang chuẩn bị', 'fsđszd', '2024-07-06 23:46:33', '2024-07-06 23:46:33'),
(148, 'hoàng anh', '0336576736', 'chương mỹ hà nội', 'tuanh292929@gmail.com', 'Đang chuẩn bị', 'dss', '2024-07-06 23:47:27', '2024-07-06 23:47:27'),
(149, 'hoàng anh', '0336576736', 'chương mỹ hà nội', 'tuanh292929@gmail.com', 'Đang chuẩn bị', 'feed', '2024-07-06 23:47:38', '2024-07-06 23:47:38'),
(150, 'minh anh', '0336576736', 'chương mỹ hà nội', 'tuanh292929@gmail.com', 'Đang chuẩn bị', 'đáas', '2024-07-06 23:52:10', '2024-07-06 23:52:10'),
(151, 'minh anh', '0336576736', 'chương mỹ hà nội', 'tuanh292929@gmail.com', 'Đang chuẩn bị', 'hhđ', '2024-07-06 23:53:04', '2024-07-06 23:53:04'),
(152, 'minh anh', '0336576736', 'chương mỹ hà nội', 'tuanh292929@gmail.com', 'Đã giao thành công', 'sdssd', '2024-07-06 23:56:17', '2024-07-09 02:10:02'),
(153, 'minh anh', '0336576736', 'chương mỹ hà nội', 'tuanh292929@gmail.com', 'Đang chuẩn bị', 'dsas', '2024-07-07 00:01:40', '2024-07-07 00:01:40'),
(154, 'minh anh', '0336576736', 'chương mỹ hà nội', 'anhsmile29@gmail.com', 'Đang chuẩn bị', 'fss', '2024-07-07 00:04:20', '2024-07-07 00:04:20'),
(155, 'minh anh', '0336576736', 'chương mỹ hà nội', 'tuanh292929@gmail.com', 'Đang chuẩn bị', 'feds', '2024-07-07 00:07:35', '2024-07-07 00:07:35'),
(156, 'minh anh', '0336576736', 'chương mỹ hà nội', 'tuanh292929@gmail.com', 'Đang chuẩn bị', 'fđ', '2024-07-07 00:13:24', '2024-07-07 00:13:24'),
(157, 'minh anh', '0336576736', 'chương mỹ hà nội', 'tuanh292929@gmail.com', 'Đang chuẩn bị', 'jđkssok', '2024-07-07 00:26:00', '2024-07-07 00:26:00'),
(158, 'minh anh', '0336576736', 'chương mỹ hà nội', 'tuanh292929@gmail.com', 'Đang chuẩn bị', 'gegefsd', '2024-07-07 00:33:20', '2024-07-07 00:33:20'),
(159, 'minh anh', '0336576736', 'chương mỹ hà nội', 'tuanh292929@gmail.com', 'Đang chuẩn bị', 'gegefsd', '2024-07-07 00:33:59', '2024-07-07 00:33:59'),
(160, 'minh anh', '0336576736', 'chương mỹ hà nội', 'tuanh292929@gmail.com', 'Đang chuẩn bị', 'gegefsd', '2024-07-07 00:38:58', '2024-07-07 00:38:58'),
(161, 'minh anh', '0336576736', 'chương mỹ hà nội', 'tuanh292929@gmail.com', 'Đã giao thành công', 'dszd', '2024-07-07 00:39:10', '2024-07-09 02:09:47'),
(162, 'minh anh', '0336576736', 'chương mỹ hà nội', 'tuanh292929@gmail.com', 'Đang chuẩn bị', 'fzdsd', '2024-07-07 00:41:21', '2024-07-07 00:41:21'),
(163, 'minh anh', '0336576736', 'chương mỹ hà nội', 'tuanh292929@gmail.com', 'Đang chuẩn bị', 'dá', '2024-07-07 00:43:02', '2024-07-07 00:43:02'),
(164, 'minh anh', '0336576736', 'chương mỹ hà nội', 'tuanh292929@gmail.com', 'Đang chuẩn bị', 'gedzsd', '2024-07-07 00:43:41', '2024-07-07 00:43:41'),
(165, 'minh anh', '0336576736', 'chương mỹ hà nội', 'tuanh292929@gmail.com', 'Đang chuẩn bị', 'fsdsd', '2024-07-07 00:46:20', '2024-07-07 00:46:20'),
(166, 'minh anh', '0336576736', 'chương mỹ hà nội', 'tuanh292929@gmail.com', 'Đang chuẩn bị', 'đư', '2024-07-07 00:46:51', '2024-07-07 00:46:51'),
(167, 'minh anh', '0336576736', 'chương mỹ hà nội', 'tuanh292929@gmail.com', 'Đã giao thành công', 'dứa', '2024-07-07 00:50:04', '2024-07-09 02:09:49'),
(168, 'minh anh', '0336576736', 'chương mỹ hà nội', 'tuanh292929@gmail.com', 'Đã giao thành công', 'dsasaa', '2024-07-07 00:52:37', '2024-07-09 02:09:51'),
(169, 'minh anh', '0336576736', 'chương mỹ hà nội', 'tuanh292929@gmail.com', 'Đã giao thành công', 'thdjcjsc jjc', '2024-07-07 01:10:58', '2024-07-09 02:09:54'),
(170, 'minh anh', '0336576736', 'chương mỹ hà nội', 'tuanh292929@gmail.com', 'Đang chuẩn bị', 'hyhj', '2024-07-07 01:17:17', '2024-07-07 01:17:17'),
(171, 'minh anh', '0336576736', 'chương mỹ hà nội', 'tuanh292929@gmail.com', 'Đã giao thành công', 'twwe', '2024-07-07 01:26:17', '2024-07-09 02:09:26'),
(172, 'minh anh', '0336576736', 'chương mỹ hà nội', 'tuanh292929@gmail.com', 'Đã giao thành công', 'twwe', '2024-07-07 01:26:48', '2024-07-09 02:09:42'),
(173, 'minh anh', '0336576736', 'chương mỹ hà nội', 'tuanh292929@gmail.com', 'Đã giao thành công', 'ffds', '2024-07-07 04:06:41', '2024-07-09 02:09:22'),
(174, 'minh anh', '0336576736', 'chương mỹ hà nội', 'tuanh292929@gmail.com', 'Đã giao thành công', 'teds', '2024-07-07 04:12:00', '2024-07-09 02:09:38'),
(176, 'minh anh', '0336576736', 'chương mỹ hà nội', 'tuanh292929@gmail.com', 'Đang chuẩn bị', 'feedd', '2024-07-07 04:45:19', '2024-07-07 04:45:19'),
(180, 'minh anh', '0336576736', 'chương mỹ hà nội', 'tuanh292929@gmail.com', 'Đã giao thành công', 'fedgdgd', '2024-07-07 05:02:22', '2024-07-09 02:09:34'),
(181, 'minh anh', '0336576736', 'chương mỹ hà nội', 'tuanh292929@gmail.com', 'Đang chuẩn bị', 'gsd', '2024-07-07 09:16:46', '2024-07-07 09:16:46'),
(182, 'minh anh', '0336576736', 'chương mỹ hà nội', 'tuanh292929@gmail.com', 'Đang chuẩn bị', 'vdcsz', '2024-07-08 01:16:35', '2024-07-08 01:16:35'),
(183, 'minh anh', '0336576736', 'chương mỹ hà nội', 'tuanh292929@gmail.com', 'Đã giao thành công', 'vdcsd', '2024-07-08 01:31:33', '2024-07-09 02:09:30'),
(184, 'tu anh', '0327986664', 'hà nội', 'tuanh292929@gmail.com', 'Đã giao thành công', 'diojidjd', '2024-07-08 04:42:37', '2024-07-08 05:22:57'),
(185, 'tu anh', '0327986664', 'hà nội', 'tuanh292929@gmail.com', 'Đã giao thành công', 'gxfesde', '2024-07-08 04:44:16', '2024-07-08 05:20:50'),
(186, 'tu anh', '0327986664', 'hà nội', 'tuanh292929@gmail.com', 'Đã giao thành công', 'nrffd', '2024-07-08 04:51:31', '2024-07-08 04:56:40'),
(187, 'tu anh', '0327986664', 'hà nội', 'tuanh292929@gmail.com', 'Đang chuẩn bị', 'grf', '2024-07-08 06:48:19', '2024-07-08 06:48:19'),
(188, 'tu anh', '0327986664', 'hà nội', 'tuanh292929@gmail.com', 'Đang chuẩn bị', 'fwsas', '2024-07-08 06:51:42', '2024-07-08 06:51:42'),
(189, 'tu anh', '0327986664', 'hà nội', 'tuanh292929@gmail.com', 'Đang chuẩn bị', 'dáas', '2024-07-09 00:35:13', '2024-07-09 00:35:13'),
(190, 'minh anh', '0336576736', 'chương mỹ hà nội', 'tuanh292929@gmail.com', 'Đang chuẩn bị', 'gỵmkhmu', '2024-07-09 06:05:45', '2024-07-09 06:05:45'),
(191, 'minh anh', '0336576736', 'chương mỹ hà nội', 'tuanh292929@gmail.com', 'Đã giao thành công', 'gfef', '2024-07-09 06:09:06', '2024-07-09 06:13:19'),
(192, 'minh anh', '0336576736', 'chương mỹ hà nội', 'anhsmile29@gmail.com', 'Đã giao thành công', 'dưassf', '2024-07-10 03:56:23', '2024-07-11 13:12:18'),
(193, 'Hoàng Ánh', '0336576736', 'chương mỹ hà nội', 'tuanh292929@gmail.com', 'Đã giao thành công', 'dhhds', '2024-07-12 09:36:54', '2024-07-12 09:37:13'),
(194, 'hoàng anh', '0336576736', 'chương mỹ hà nội', 'tuanh292929@gmail.com', 'Đang chuẩn bị', 'rfd', '2024-07-12 10:33:48', '2024-07-12 10:33:48'),
(195, 'hoàng anh', '0336576736', 'chương mỹ hà nội', 'tuanh292929@gmail.com', 'Đang chuẩn bị', 'zx', '2024-07-12 19:33:22', '2024-07-12 19:33:22'),
(196, 'hoàng', '0336576736', 'chương mỹ hà nội', 'tuanh292929@gmail.com', 'Đang chuẩn bị', 'ccscx', '2024-07-14 03:50:46', '2024-07-14 03:50:46'),
(197, 'Ánh Dương', '0327986664', 'Chương Mỹ, Hà Nội', 'tuanh292929@gmail.com', 'Đang chuẩn bị', NULL, '2024-07-16 01:09:40', '2024-07-16 01:09:40'),
(198, 'hoàng anh', '0336576736', 'chương mỹ hà nội', 'tuanh292929@gmail.com', 'Đã giao thành công', 'fgf', '2024-07-16 01:55:43', '2024-07-16 05:01:30'),
(200, 'Ánh Dương', '0327986664', 'Chương Mỹ, Hà Nội', 'tuanh292929@gmail.com', 'Đã giao thành công', NULL, '2024-07-16 04:23:53', '2024-07-16 04:36:45'),
(201, 'Hoàng Anh', '0336576736', 'chương mỹ hà nội', 'tuanh292929@gmail.com', 'Đang chuẩn bị', NULL, '2024-07-16 10:36:45', '2024-07-16 10:36:45'),
(202, 'Hoàng Anh', '0336576736', 'chương mỹ hà nội', 'tuanh292929@gmail.com', 'Đang chuẩn bị', 'dzcd', '2024-07-16 11:11:24', '2024-07-16 11:11:24'),
(203, 'Hoàng Anh', '0336576736', 'chương mỹ hà nội', 'tuanh12345@gmail.com', 'Đang chuẩn bị', NULL, '2024-07-16 11:16:50', '2024-07-16 11:16:50'),
(204, 'Minh Anh', '0336576736', 'chương mỹ hà nội', 'viduc2811@gmail.com', 'Đang chuẩn bị', 'trfef', '2024-07-16 11:18:39', '2024-07-16 11:18:39'),
(205, 'Vi Đức', '0336576736', 'chương mỹ hà nội', 'viduc2811@gmail.com', 'Đang chuẩn bị', NULL, '2024-07-16 11:21:00', '2024-07-16 11:21:00'),
(206, 'Hoàng Anh', '0336576736', 'chương mỹ hà nội', 'tuanh292929@gmail.com', 'Đang chuẩn bị', 'fezd', '2024-07-16 11:21:41', '2024-07-16 11:21:41');

-- --------------------------------------------------------

--
-- Table structure for table `menus`
--

CREATE TABLE `menus` (
  `id` bigint(20) UNSIGNED NOT NULL,
  `name` varchar(255) NOT NULL,
  `parent_id` int(11) NOT NULL,
  `description` text NOT NULL,
  `content` longtext NOT NULL,
  `active` int(11) NOT NULL,
  `created_at` timestamp NULL DEFAULT NULL,
  `updated_at` timestamp NULL DEFAULT NULL
) ENGINE=InnoDB DEFAULT CHARSET=utf8mb4 COLLATE=utf8mb4_unicode_ci;

--
-- Dumping data for table `menus`
--

INSERT INTO `menus` (`id`, `name`, `parent_id`, `description`, `content`, `active`, `created_at`, `updated_at`) VALUES
(5, 'Dụng cụ tập luyện', 0, 'dscdcs', '<p>dtctvhdf</p>', 1, '2024-06-14 04:00:58', '2024-06-14 04:00:58'),
(12, 'Phụ kiện hỗ trợ', 0, 'Phụ kiện hỗ trợ', '<p>Phụ kiện hỗ trợ</p>', 1, '2024-07-12 09:26:52', '2024-07-12 09:26:52'),
(13, 'Dây nhảy', 5, 'dây nhảy', '<p>d&acirc;y nhảy</p>', 1, '2024-07-14 02:11:19', '2024-07-14 02:11:19'),
(14, 'Dây Kháng Lực', 5, 'dây kháng lực', '<p>d&acirc;y kh&aacute;ng lực</p>', 1, '2024-07-14 02:12:11', '2024-07-14 02:12:11'),
(15, 'Găng Tay', 12, 'Găng tay', '<p>Găng tay</p>', 1, '2024-07-14 02:13:12', '2024-07-14 02:13:12'),
(16, 'Con Lăn Tập Bụng', 5, 'Con Lăn Tập Bụng', '<p>Con Lăn Tập Bụng</p>', 1, '2024-07-14 02:19:29', '2024-07-14 02:26:01'),
(17, 'Băng Đô', 12, 'Băng Đô', '<p>Băng Đ&ocirc;</p>', 1, '2024-07-14 02:20:11', '2024-07-14 02:20:11'),
(18, 'Vòng Lắc Eo', 5, 'Vòng Lắc Eo', '<p>V&ograve;ng Lắc Eo</p>', 1, '2024-07-14 02:26:48', '2024-07-14 02:27:04');

-- --------------------------------------------------------

--
-- Table structure for table `migrations`
--

CREATE TABLE `migrations` (
  `id` int(10) UNSIGNED NOT NULL,
  `migration` varchar(255) NOT NULL,
  `batch` int(11) NOT NULL
) ENGINE=InnoDB DEFAULT CHARSET=utf8mb4 COLLATE=utf8mb4_unicode_ci;

--
-- Dumping data for table `migrations`
--

INSERT INTO `migrations` (`id`, `migration`, `batch`) VALUES
(1, '2014_10_12_000000_create_users_table', 1),
(2, '2014_10_12_100000_create_password_resets_table', 1),
(3, '2019_08_19_000000_create_failed_jobs_table', 1),
(4, '2021_05_26_121348_create_menus_table', 1),
(5, '2021_05_29_085033_create_products_table', 1),
(6, '2021_05_29_085458_update_table_product', 1),
(7, '2021_05_30_091352_create_sliders_table', 1),
(8, '2021_06_07_115343_create_customers_table', 1),
(9, '2021_06_07_115353_create_carts_table', 1),
(10, '2021_06_11_035047_create_jobs_table', 1),
(11, '2024_06_22_163248_create_blogs_table', 2),
(12, '2024_06_22_170157_create_blogs_table', 3),
(17, '2024_06_22_173612_create_blogs_table', 4),
(18, '2024_06_24_045825_add_stock_to_products_table', 5),
(19, '2024_06_26_083809_create_posts_table', 6),
(22, '2024_07_01_182054_create_invoices_table', 7),
(23, '2024_07_01_211223_add_status_to_customers_table', 8),
(24, '2024_07_02_173902_add_size_column_to_products_table', 9),
(25, '2024_07_03_052927_add_color_column_to_products_table', 10),
(26, '2024_07_13_035131_create_order_detail_table', 11),
(27, '2024_07_13_171019_add_status_to_users_table', 12),
(28, '2024_07_16_091554_create_orders_table', 13),
(29, '2024_07_16_091808_create_order_details_table', 14),
(30, '2024_07_16_093710_create_orders_table', 15),
(31, '2024_07_16_104624_create_order_details_table', 16),
(32, '2024_07_16_104918_create_orders_table', 17),
(33, '2024_07_16_105058_create_orders_table', 18),
(34, '2024_07_16_105230_create_order_details_table', 19),
(35, '2024_07_16_165557_add_status_to_orders_table', 20);

-- --------------------------------------------------------

--
-- Table structure for table `orders`
--

CREATE TABLE `orders` (
  `id` bigint(20) UNSIGNED NOT NULL,
  `user_id` bigint(20) UNSIGNED NOT NULL,
  `customer_id` bigint(20) UNSIGNED NOT NULL,
  `customer_name` varchar(255) NOT NULL,
  `phone` varchar(255) NOT NULL,
  `address` varchar(255) NOT NULL,
  `email` varchar(255) NOT NULL,
  `content` text DEFAULT NULL,
  `total_amount` decimal(10,2) NOT NULL,
  `status` varchar(255) NOT NULL DEFAULT 'Đang chuẩn bị',
  `created_at` timestamp NULL DEFAULT NULL,
  `updated_at` timestamp NULL DEFAULT NULL
) ENGINE=InnoDB DEFAULT CHARSET=utf8mb4 COLLATE=utf8mb4_unicode_ci;

--
-- Dumping data for table `orders`
--

INSERT INTO `orders` (`id`, `user_id`, `customer_id`, `customer_name`, `phone`, `address`, `email`, `content`, `total_amount`, `status`, `created_at`, `updated_at`) VALUES
(1, 4, 200, 'Ánh Dương', '0327986664', 'Chương Mỹ, Hà Nội', 'tuanh292929@gmail.com', NULL, '306000.00', 'Đang giao hàng', '2024-07-16 04:23:53', '2024-07-16 10:32:04'),
(2, 4, 201, 'Hoàng Anh', '0336576736', 'chương mỹ hà nội', 'tuanh292929@gmail.com', NULL, '715000.00', 'Đã giao thành công', '2024-07-16 10:36:45', '2024-07-16 11:17:25'),
(3, 4, 202, 'Hoàng Anh', '0336576736', 'chương mỹ hà nội', 'tuanh292929@gmail.com', NULL, '132000.00', 'Hủy', '2024-07-16 11:11:24', '2024-07-16 11:21:57'),
(4, 6, 203, 'Hoàng Anh', '0336576736', 'chương mỹ hà nội', 'tuanh12345@gmail.com', NULL, '132000.00', 'Đang chuẩn bị', '2024-07-16 11:16:50', '2024-07-16 11:16:50'),
(5, 6, 204, 'Minh Anh', '0336576736', 'chương mỹ hà nội', 'viduc2811@gmail.com', NULL, '165000.00', 'Đang giao hàng', '2024-07-16 11:18:39', '2024-07-16 11:22:01'),
(6, 6, 205, 'Vi Đức', '0336576736', 'chương mỹ hà nội', 'viduc2811@gmail.com', NULL, '132000.00', 'Đang chuẩn bị', '2024-07-16 11:21:00', '2024-07-16 11:21:00'),
(7, 6, 206, 'Hoàng Anh', '0336576736', 'chương mỹ hà nội', 'tuanh292929@gmail.com', NULL, '240000.00', 'Đang chuẩn bị', '2024-07-16 11:21:41', '2024-07-16 11:21:41');

-- --------------------------------------------------------

--
-- Table structure for table `order_details`
--

CREATE TABLE `order_details` (
  `id` bigint(20) UNSIGNED NOT NULL,
  `order_id` bigint(20) UNSIGNED NOT NULL,
  `product_name` varchar(255) NOT NULL,
  `product_quantity` int(11) NOT NULL,
  `product_price` int(11) NOT NULL,
  `created_at` timestamp NULL DEFAULT NULL,
  `updated_at` timestamp NULL DEFAULT NULL
) ENGINE=InnoDB DEFAULT CHARSET=utf8mb4 COLLATE=utf8mb4_unicode_ci;

-- --------------------------------------------------------

--
-- Table structure for table `posts`
--

CREATE TABLE `posts` (
  `id` bigint(20) UNSIGNED NOT NULL,
  `name` varchar(255) NOT NULL,
  `thumb` varchar(255) NOT NULL,
  `content` text NOT NULL,
  `created_at` timestamp NULL DEFAULT NULL,
  `updated_at` timestamp NULL DEFAULT NULL
) ENGINE=InnoDB DEFAULT CHARSET=utf8mb4 COLLATE=utf8mb4_unicode_ci;

--
-- Dumping data for table `posts`
--

INSERT INTO `posts` (`id`, `name`, `thumb`, `content`, `created_at`, `updated_at`) VALUES
(1, 'XÂY DỰNG THỰC ĐƠN CHO NGƯỜI TIỂU ĐƯỜNG CẦN LƯU Ý NHỮNG GÌ?', '/storage/uploads/2024/07/12/p1.jfif', '<h1 style=\"margin-left:120px; text-align:justify\">&nbsp;</h1>\r\n\r\n<h2 dir=\"ltr\" style=\"margin-left:120px; text-align:justify\"><strong>Đồ ăn cho người tiểu đường quan trọng như thế n&agrave;o?</strong></h2>\r\n\r\n<p dir=\"ltr\" style=\"margin-left:120px; text-align:justify\">Theo c&aacute;c b&aacute;c sĩ, việc ăn uống c&oacute; thể t&aacute;c động đến lượng đường huyết trong cơ sở. Sử dụng thực phẩm l&agrave;nh mạnh gi&uacute;p giảm lượng đường trong m&aacute;u, đồng thời duy tr&igrave; c&acirc;n nặng th&iacute;ch hợp. Thực tế, bạn sẽ dễ d&agrave;ng kiểm so&aacute;t bệnh tiểu đường nếu giảm khoảng 5% - 7% trọng lượng cơ thể.</p>\r\n\r\n<p dir=\"ltr\" style=\"margin-left:120px; text-align:justify\"><img alt=\"Sử dụng quá nhiều đường sẽ không tốt cho sức khỏe\" src=\"https://bizweb.dktcdn.net/100/415/009/files/shutterstock-259940000-jpeg.jpg?v=1694397062959\" style=\"height:533px; width:800px\" /></p>\r\n\r\n<p dir=\"ltr\" style=\"margin-left:120px; text-align:center\"><em>Sử dụng qu&aacute; nhiều đường sẽ kh&ocirc;ng tốt cho sức khỏe</em></p>\r\n\r\n<p dir=\"ltr\" style=\"margin-left:120px; text-align:justify\">Trong chế độ ăn cho người tiểu đường, hiệp hội Tim mạch Mỹ (AHA) đ&atilde; đưa ra khuyến c&aacute;o về lượng calo n&ecirc;n nạp từ đường v&agrave;o cơ thể, cụ thể:</p>\r\n\r\n<p dir=\"ltr\" style=\"margin-left:120px; text-align:justify\">Đ&agrave;n &ocirc;ng: 36g đường - 150 calo</p>\r\n\r\n<p dir=\"ltr\" style=\"margin-left:120px; text-align:justify\">Phụ nữ: 25g đường - 100 calo</p>\r\n\r\n<p dir=\"ltr\" style=\"margin-left:120px; text-align:justify\">Trẻ em từ 2-18 tuổi: &lt;24g đường - 100 calo<br />\r\nTrẻ em dưới 2 tuổi: Kh&ocirc;ng th&ecirc;m đường.&nbsp;</p>\r\n\r\n<p dir=\"ltr\" style=\"margin-left:120px; text-align:justify\">Đối với những c&aacute; nh&acirc;n kh&ocirc;ng mắc bệnh tiểu đường, AHA cho rằng, lượng calo từ đường nạp v&agrave;o cơ thể n&ecirc;n nhỏ hơn 10% tổng lượng calo cần thiết. (1 g đường bằng 4 calo). C&ograve;n tổ chức Y tế Thế giới (WHO) th&igrave; đưa ra khuyến nghị với tỷ lệ kh&ocirc;ng vượt qu&aacute; 5% tổng calo từ đường. Bạn c&oacute; thể tham khảo th&ecirc;m b&agrave;i viết&nbsp;<a href=\"https://hebekery.vn/an-nhieu-duong-se-gay-ra-hau-qua-gi-1\">Ăn nhiều đường sẽ g&acirc;y ra hậu quả g&igrave;? Đường c&oacute; nhiều trong thực phẩm n&agrave;o?</a>&nbsp;để đưa ra lựa đồ ăn cho người tiểu đường một c&aacute;ch hợp l&yacute;.&nbsp;</p>\r\n\r\n<h2 dir=\"ltr\" style=\"margin-left:120px; text-align:justify\"><strong>X&acirc;y dựng thực đơn cho người tiểu đường cần lưu &yacute; g&igrave;?</strong></h2>\r\n\r\n<p dir=\"ltr\" style=\"margin-left:120px; text-align:justify\">Khi x&acirc;y dựng thực đơn cho người tiểu đường, bạn cần tạo dựng th&oacute;i quen ăn uống đ&uacute;ng giờ v&agrave; đều đặn. Điều n&agrave;y sẽ gi&uacute;p cho insulin hoạt động một c&aacute;ch tốt hơn. Đồ ăn cho người tiểu đường đảm bảo c&oacute; đủ 3 nh&oacute;m chất cơ bản: Chất b&eacute;o, chất đạm v&agrave; chất bột đường. Th&ocirc;ng thường, với người mắc bệnh tiểu đường, bạn n&ecirc;n ti&ecirc;u thụ 1/2 lượng calo từ carbs. Bạn kh&ocirc;ng n&ecirc;n ti&ecirc;u thụ qu&aacute; nhiều calo thức ăn hơn mức cho ph&eacute;p, bởi đ&acirc;y l&agrave; nguy&ecirc;n nh&acirc;n dẫn đến lượng đường trong m&aacute;u sẽ tăng l&ecirc;n.&nbsp;</p>\r\n\r\n<p dir=\"ltr\" style=\"margin-left:120px; text-align:justify\">Dưới đ&acirc;y l&agrave; tỷ lệ th&agrave;nh phần thức ăn so với tổng năng lượng nạp v&agrave;o cơ thể:</p>\r\n\r\n<p dir=\"ltr\" style=\"margin-left:120px; text-align:justify\">Glucid: 50-60% năng lượng khẩu phần.</p>\r\n\r\n<p dir=\"ltr\" style=\"margin-left:120px; text-align:justify\">Protein: 15-20% năng lượng khẩu phần.</p>\r\n\r\n<p dir=\"ltr\" style=\"margin-left:120px; text-align:justify\">Lipid: 20-30% (&aacute;p dụng cho người c&oacute; trọng lượng v&agrave; lipid m&aacute;u b&igrave;nh thường), dưới 30% (&aacute;p dụng cho người b&eacute;o ph&igrave;.</p>\r\n\r\n<p dir=\"ltr\" style=\"margin-left:120px; text-align:justify\">V&iacute; dụ: Dựa v&agrave;o c&ocirc;ng thức tr&ecirc;n, thực đơn cho bệnh nh&acirc;n tiểu đường (nặng 50kg, nằm viện) sẽ được t&iacute;nh như sau:</p>\r\n\r\n<h2 dir=\"ltr\" style=\"margin-left:120px; text-align:justify\"><strong>Gợi &yacute; m&oacute;n b&aacute;nh d&agrave;nh cho người tiểu đường</strong></h2>\r\n\r\n<h3 dir=\"ltr\" style=\"margin-left:120px; text-align:justify\"><strong>Biscotti vị khoai lang t&iacute;m</strong></h3>\r\n\r\n<p dir=\"ltr\" style=\"margin-left:120px; text-align:justify\">Để cho thực đơn của người tiểu đường kh&ocirc;ng bị nh&agrave;m ch&aacute;n, việc bổ sung những m&oacute;n b&aacute;nh ăn vặt l&agrave; lựa chọn hợp l&yacute;. Biscotti vị khoai lang t&iacute;m l&agrave; hương vị mới lạ c&ugrave;ng nguy&ecirc;n liệu khoai lang dinh dưỡng v&agrave; h&agrave;m lượng chất xơ cao. Đặc biệt, khi kết hợp khoai c&ugrave;ng bột m&igrave; nguy&ecirc;n c&aacute;m v&agrave; hạt dinh dưỡng, chiếc b&aacute;nh n&agrave;y c&agrave;ng trở n&ecirc;n hữu hiệu cho người tiểu đường. Với chỉ số GI trung b&igrave;nh l&agrave; 48, đ&acirc;y sẽ l&agrave; m&oacute;n ăn vặt hoặc bữa s&aacute;ng healthy.&nbsp;</p>\r\n\r\n<p dir=\"ltr\" style=\"margin-left:120px; text-align:justify\"><img alt=\"Bánh biscotti khoai lang tím kết hợp sữa chua ngon mê ly\" src=\"https://bizweb.dktcdn.net/100/415/009/files/341622362-2547537842066998-4462359583448101667-n-jpeg.jpg?v=1694397187917\" style=\"height:800px; width:800px\" /></p>\r\n\r\n<p dir=\"ltr\" style=\"margin-left:120px; text-align:justify\"><em>B&aacute;nh biscotti khoai lang t&iacute;m kết hợp sữa chua ngon m&ecirc; ly</em></p>\r\n\r\n<p dir=\"ltr\" style=\"margin-left:120px; text-align:justify\">Đặc biệt b&aacute;nh biscotti nguy&ecirc;n c&aacute;m của Hebekery được l&agrave;m thủ c&ocirc;ng, điều chỉnh hương vị ph&ugrave; hợp cho người Việt. B&aacute;nh nướng 2 lần gi&ograve;n thơm, kết hợp với hạt hạnh nh&acirc;n, b&iacute; xanh&hellip; b&ugrave;i b&ugrave;i, ăn l&agrave; th&iacute;ch m&ecirc;.</p>\r\n\r\n<pre style=\"margin-left:120px; text-align:justify\">\r\n\r\n&nbsp;</pre>\r\n\r\n<h3 dir=\"ltr\" style=\"margin-left:120px; text-align:justify\"><strong>B&aacute;nh ng&oacute;i hạnh nh&acirc;n</strong></h3>\r\n\r\n<p dir=\"ltr\" style=\"margin-left:120px; text-align:justify\">Hẳn l&agrave; bạn cũng biết, bột m&igrave; c&oacute; chứa carbohydrate đơn c&oacute; khả năng ti&ecirc;u h&oacute;a v&agrave; hấp thụ rất nhanh. Đ&acirc;y cũng l&agrave; nguy&ecirc;n nh&acirc;n l&agrave;m cho nồng độ đường tăng cao nhưng cũng giảm nhanh ch&oacute;ng. Do đ&oacute; n&oacute; khiến cho cơ thể tăng nguy cơ b&eacute;o ph&igrave; v&agrave; mắc c&aacute;c bệnh về tim mạch. Bởi vậy, b&aacute;nh ng&oacute;i hạnh nh&acirc;n Hebekery kh&ocirc;ng sử dụng bột m&igrave; để mang lại sự an t&acirc;m về sức khỏe cho người trong chế độ ăn ki&ecirc;ng, tiểu đường&hellip;&nbsp;</p>\r\n\r\n<p dir=\"ltr\" style=\"margin-left:120px; text-align:justify\"><img alt=\"Bánh ngói hạnh nhân không có tinh bột, tốt cho người tiểu đường\" src=\"https://bizweb.dktcdn.net/100/415/009/files/dsc08004-2.jpg?v=1694397402683\" style=\"height:800px; width:800px\" /></p>\r\n\r\n<p dir=\"ltr\" style=\"margin-left:120px; text-align:justify\"><em>B&aacute;nh ng&oacute;i hạnh nh&acirc;n kh&ocirc;ng c&oacute; tinh bột, tốt cho người tiểu đường</em></p>\r\n\r\n<p dir=\"ltr\" style=\"margin-left:120px; text-align:justify\">Những chiếc b&aacute;nh được l&agrave;m từ 99% l&agrave; hạnh nh&acirc;n l&aacute;t, kết hợp hạt b&iacute; xanh v&agrave; nướng gi&ograve;n rụm, mở g&oacute;i l&agrave; đ&atilde; thấy thơm phức. Th&ecirc;m một điểm để người tiểu đường c&oacute; thể sử dụng b&aacute;nh l&agrave; đường ăn ki&ecirc;ng được sử dụng trong b&aacute;nh c&oacute; chỉ số GI bằng 2. Điều n&agrave;y an to&agrave;n cho cả mẹ bầu hay người bệnh tiểu đường.&nbsp;&nbsp;</p>\r\n\r\n<h2 dir=\"ltr\" style=\"margin-left:120px; text-align:justify\"><strong>Người bệnh tiểu đường ki&ecirc;ng g&igrave;?</strong></h2>\r\n\r\n<p dir=\"ltr\" style=\"margin-left:120px; text-align:justify\">Người bệnh tiểu đường n&ecirc;n ki&ecirc;ng c&aacute;c thực phẩm c&oacute; thể l&agrave;m tăng lượng đường trong m&aacute;u, bao gồm:</p>\r\n\r\n<p dir=\"ltr\" style=\"margin-left:120px; text-align:justify\">Đồ ăn ngọt: B&aacute;nh kẹo, nước ngọt, nước tr&aacute;i c&acirc;y đ&oacute;ng hộp,...</p>\r\n\r\n<p dir=\"ltr\" style=\"margin-left:120px; text-align:justify\">Tinh bột tinh chế: Cơm trắng, b&aacute;nh m&igrave; trắng, đồ ăn nhanh,...</p>\r\n\r\n<p dir=\"ltr\" style=\"margin-left:120px; text-align:justify\">Thịt đỏ: Thịt b&ograve;, thịt lợn, thịt cừu,...</p>\r\n\r\n<p dir=\"ltr\" style=\"margin-left:120px; text-align:justify\">Thịt chế biến sẵn: Thịt nguội, x&uacute;c x&iacute;ch, lạp xưởng,...</p>\r\n\r\n<p dir=\"ltr\" style=\"margin-left:120px; text-align:justify\">Thực phẩm chứa nhiều chất b&eacute;o b&atilde;o h&ograve;a v&agrave; chất b&eacute;o chuyển h&oacute;a: Thịt mỡ, da g&agrave;, da lợn, bơ, pho m&aacute;t,...</p>\r\n\r\n<p dir=\"ltr\" style=\"margin-left:120px; text-align:justify\">Rượu bia, đồ uống c&oacute; cồn: Rượu bia, đồ uống c&oacute; cồn c&oacute; thể l&agrave;m tăng lượng đường trong m&aacute;u v&agrave; ảnh hưởng đến hiệu quả của thuốc điều trị tiểu đường.</p>\r\n\r\n<p dir=\"ltr\" style=\"margin-left:120px; text-align:justify\">C&aacute;c loại thực phẩm chế biến sẵn: C&aacute;c loại thực phẩm chế biến sẵn thường chứa nhiều đường, muối, chất b&eacute;o b&atilde;o h&ograve;a v&agrave; chất b&eacute;o chuyển h&oacute;a, kh&ocirc;ng tốt cho sức khỏe của người bệnh tiểu đường.</p>\r\n\r\n<h2 dir=\"ltr\" style=\"margin-left:120px; text-align:justify\"><strong>Nguy&ecirc;n tắc trong ăn uống đối với người bệnh tiểu đường</strong></h2>\r\n\r\n<p dir=\"ltr\" style=\"margin-left:120px; text-align:justify\">Ăn uống đ&uacute;ng giờ, đ&uacute;ng bữa: Người bệnh tiểu đường n&ecirc;n chia nhỏ bữa ăn trong ng&agrave;y. Mỗi bữa ăn c&aacute;ch nhau khoảng 3-4 giờ. Điều n&agrave;y gi&uacute;p bạn kiểm so&aacute;t lượng đường trong m&aacute;u hiệu quả hơn.</p>\r\n\r\n<p dir=\"ltr\" style=\"margin-left:120px; text-align:justify\">Ăn chậm nhai kỹ: Ăn chậm nhai kỹ gi&uacute;p bạn ti&ecirc;u h&oacute;a thức ăn tốt hơn v&agrave; hấp thu chất dinh dưỡng hiệu quả hơn.</p>\r\n\r\n<p dir=\"ltr\" style=\"margin-left:120px; text-align:justify\">Uống đủ nước: Nước gi&uacute;p cơ thể b&agrave;i tiết chất thải v&agrave; gi&uacute;p ổn định lượng đường trong m&aacute;u. Người bệnh tiểu đường n&ecirc;n uống đủ 2 l&iacute;t nước mỗi ng&agrave;y.</p>\r\n\r\n<p dir=\"ltr\" style=\"margin-left:120px; text-align:justify\">Tập luyện thể dục thường xuy&ecirc;n: Tập luyện thể dục thường xuy&ecirc;n gi&uacute;p cơ thể sử dụng đường hiệu quả hơn v&agrave; giảm nguy cơ mắc c&aacute;c biến chứng của bệnh tiểu đường. Người bệnh tiểu đường n&ecirc;n tập luyện thể dục &iacute;t nhất 30 ph&uacute;t mỗi ng&agrave;y, 5 ng&agrave;y mỗi tuần.</p>\r\n\r\n<p dir=\"ltr\" style=\"margin-left:120px; text-align:justify\"><img alt=\"Kết hợp tập luyện thể thao giúp bạn khỏe mạnh hơn mỗi ngày\" src=\"https://bizweb.dktcdn.net/100/415/009/files/ta-p-the-du-c-gia-m-ca-n-ca-n-ho-n-30-phu-t-de-hie-u-qua-nha-t-1.webp?v=1694397453819\" style=\"height:800px; width:800px\" /></p>\r\n\r\n<p dir=\"ltr\" style=\"margin-left:120px; text-align:justify\"><em>Kết hợp tập luyện thể thao gi&uacute;p bạn khỏe mạnh hơn mỗi ng&agrave;y</em></p>\r\n\r\n<p dir=\"ltr\" style=\"margin-left:120px; text-align:justify\">Qua b&agrave;i viết n&agrave;y, hy vọng bạn đ&atilde; c&oacute; th&ecirc;m những th&ocirc;ng tin&nbsp;<a href=\"https://hebekery.vn/kien-thuc-dinh-duong\">kiến thức dinh dưỡng</a>&nbsp;hữu &iacute;ch về c&aacute;ch lựa chọn đồ ăn cho người tiểu đường. H&atilde;y x&acirc;y dựng chế độ ăn uống l&agrave;nh mạnh v&agrave; khoa học để kiểm so&aacute;t bệnh tiểu đường v&agrave; bảo vệ sức khỏe của bản th&acirc;n.</p>\r\n\r\n<h1 style=\"margin-left:120px\">&nbsp;</h1>\r\n\r\n<div class=\"ddict_btn\" style=\"left:808.875px; margin-left:120px; top:35px\"><img src=\"chrome-extension://cianljdimgjlpmjllcbahmpdnicglaap/logo/48.png\" /></div>\r\n\r\n<div class=\"ddict_btn\" style=\"left:1092.22px; margin-left:120px; top:876.222px\"><img src=\"chrome-extension://cianljdimgjlpmjllcbahmpdnicglaap/logo/48.png\" /></div>', '2024-06-26 03:59:46', '2024-07-13 08:04:44');
INSERT INTO `posts` (`id`, `name`, `thumb`, `content`, `created_at`, `updated_at`) VALUES
(5, 'CARDIO LÀ GÌ? NÊN TẬP CARDIO MẤY LẦN 1 TUẦN LÀ TỐT NHẤT CHO SỨC KHỎE?', '/storage/uploads/2024/07/09/p2.jfif', '<h2 style=\"text-align:start\"><span style=\"font-size:1.6em\"><span style=\"color:#555555\"><span style=\"font-family:Asap,sans-serif\"><strong><span style=\"background-color:#ffffff\">CARDIO L&Agrave; G&Igrave;?</span></strong></span></span></span></h2>\r\n\r\n<p style=\"text-align:start\"><span style=\"font-size:medium\"><span style=\"color:#777777\"><span style=\"font-family:Roboto,sans-serif\"><span style=\"background-color:#ffffff\">Cardio l&agrave; từ được viết tắt của&nbsp;<strong><a href=\"https://www.medicalnewstoday.com/articles/257484\" rel=\"noreferrer noopener\" style=\"box-sizing:border-box; touch-action:manipulation; color:#005bbc; text-decoration:none\" target=\"_blank\">Cardiovascular</a></strong>&nbsp;dịch ra tiếng Việt c&oacute; nghĩa l&agrave;&nbsp;<strong>Tim mạch</strong>. Cardio l&agrave; tổng hợp c&aacute;c b&agrave;i tập tốt cho tim mạch, tốt cho việc giảm mỡ thừa của cơ thể.</span></span></span></span></p>\r\n\r\n<p style=\"text-align:start\"><span style=\"font-size:medium\"><span style=\"color:#777777\"><span style=\"font-family:Roboto,sans-serif\"><span style=\"background-color:#ffffff\">Người tập gym c&oacute; th&oacute;i quen ăn rất nhiều thịt đỏ, ch&iacute;nh v&igrave; vậy n&oacute; sẽ c&oacute; ảnh hưởng kh&ocirc;ng tốt tới tim mạch. N&ecirc;n cardio đ&oacute;ng vai tr&ograve; quan trọng đối với sức khỏe người tập gym, gi&uacute;p anh em hạn chế được vấn đề tim mạch th&ocirc;ng qua việc giảm mỡ, l&agrave;m săn chắc cơ thể (đương nhi&ecirc;n rồi đối với chị em cũng vậy).</span></span></span></span></p>\r\n\r\n<div class=\"ap_container google-auto-placed\" style=\"text-align:center; width:724.5px\">\r\n<div id=\"aswift_1_host\" style=\"padding:0px; width:725px\"><span style=\"font-size:medium\"><span style=\"color:#777777\"><span style=\"font-family:Roboto,sans-serif\"><span style=\"background-color:#ffffff\"><ins><iframe frameborder=\"0\" height=\"0\" id=\"aswift_1\" name=\"aswift_1\" scrolling=\"no\" src=\"https://googleads.g.doubleclick.net/pagead/ads?client=ca-pub-2093123993134893&amp;output=html&amp;h=280&amp;adk=145090117&amp;adf=738386201&amp;pi=t.aa~a.3767188355~i.16~rp.4&amp;w=725&amp;abgtt=6&amp;fwrn=4&amp;fwrnh=100&amp;lmt=1720517749&amp;num_ads=1&amp;rafmt=1&amp;armr=3&amp;sem=mc&amp;pwprc=1238423032&amp;ad_type=text_image&amp;format=725x280&amp;url=https%3A%2F%2Fthichgym.com%2Fcardio-la-gi%2F&amp;fwr=0&amp;pra=3&amp;rh=181&amp;rw=724&amp;rpe=1&amp;resp_fmts=3&amp;wgl=1&amp;fa=27&amp;uach=WyJXaW5kb3dzIiwiMTAuMC4wIiwieDg2IiwiIiwiMTI2LjAuMjU5Mi44NyIsbnVsbCwwLG51bGwsIjY0IixbWyJOb3QvQSlCcmFuZCIsIjguMC4wLjAiXSxbIkNocm9taXVtIiwiMTI2LjAuNjQ3OC4xMjciXSxbIk1pY3Jvc29mdCBFZGdlIiwiMTI2LjAuMjU5Mi44NyJdXSwwXQ..&amp;dt=1720517749858&amp;bpp=7&amp;bdt=802&amp;idt=7&amp;shv=r20240702&amp;mjsv=m202407030101&amp;ptt=9&amp;saldr=aa&amp;abxe=1&amp;cookie=ID%3Dfc668ebe9578c49b%3AT%3D1719043696%3ART%3D1720517727%3AS%3DALNI_MZ07zzqlQsPZJkdwOvF0kNierCP4Q&amp;gpic=UID%3D00000e5b5f65c2fe%3AT%3D1719043696%3ART%3D1720517727%3AS%3DALNI_MYjD7_brGsQH9Kg0OEEStmaETo4AQ&amp;eo_id_str=ID%3Dca1f8439ddfc410a%3AT%3D1719043696%3ART%3D1720517727%3AS%3DAA-AfjZjZ70V-XM5VuxYn_A0cyDi&amp;prev_fmts=0x0&amp;nras=2&amp;correlator=1624281848934&amp;frm=20&amp;pv=1&amp;ga_vid=1322171586.1719043694&amp;ga_sid=1720517749&amp;ga_hid=2147302581&amp;ga_fc=1&amp;ga_cid=1605504359.1720516670&amp;u_tz=420&amp;u_his=5&amp;u_h=768&amp;u_w=1366&amp;u_ah=728&amp;u_aw=1366&amp;u_cd=24&amp;u_sd=1&amp;dmc=8&amp;adx=171&amp;ady=2440&amp;biw=1343&amp;bih=654&amp;scr_x=0&amp;scr_y=0&amp;eid=44759842%2C42532523%2C44798934%2C95330413%2C95334510%2C95334526%2C95334565%2C31084184%2C95331953%2C31078663%2C31078668%2C31078670&amp;oid=2&amp;pvsid=372543208894960&amp;tmod=1115564103&amp;wsm=1&amp;uas=0&amp;nvt=1&amp;ref=https%3A%2F%2Fthichgym.com%2Fcategory%2Fkien-thuc%2F&amp;fc=1408&amp;brdim=0%2C0%2C0%2C0%2C1366%2C0%2C1366%2C728%2C1358%2C654&amp;vis=1&amp;rsz=%7C%7Cs%7C&amp;abl=NS&amp;fu=128&amp;bc=31&amp;bz=1.01&amp;psd=W251bGwsbnVsbCxudWxsLDNd&amp;nt=1&amp;ifi=2&amp;uci=a!2&amp;btvi=1&amp;fsb=1&amp;dtd=116\" style=\"box-sizing:border-box; max-width:100%; left:0px; position:absolute; top:0px; border:0px; width:725px; height:0px\" tabindex=\"0\" title=\"Advertisement\" width=\"725\"></iframe></ins></span></span></span></span></div>\r\n</div>\r\n\r\n<p style=\"text-align:start\"><span style=\"font-size:medium\"><span style=\"color:#777777\"><span style=\"font-family:Roboto,sans-serif\"><span style=\"background-color:#ffffff\">Cardio l&agrave; sự kết hợp giữa nhiều b&agrave;i tập kh&aacute;c nhau, chứ kh&ocirc;ng ri&ecirc;ng lẻ như c&aacute;c b&agrave;i tập gym chuy&ecirc;n về một nh&oacute;m cơ n&agrave;o đ&oacute;. V&agrave; một điều đặc biệt chắc nhiều bạn chưa biết đ&oacute; l&agrave; thậm ch&iacute; ch&uacute;ng ta ngồi 1 chỗ th&igrave; qu&aacute; tr&igrave;nh Cardio cũng diễn ra &ndash; cơ thể đốt mỡ li&ecirc;n tục. V&igrave; vậy định nghĩa Cardio l&agrave; c&aacute;c b&agrave;i tập tốt cho tim mạch cũng kh&ocirc;ng ho&agrave;n to&agrave;n đ&uacute;ng m&agrave; đ&oacute; l&agrave; định nghĩa dựa v&agrave;o c&aacute;ch hiểu của mọi người. Nhưng ch&uacute;ng ta cứ tạm gọi Cardio l&agrave; c&aacute;c b&agrave;i tập thể dục tốt cho tim mạch cho dễ hiểu nh&eacute;.</span></span></span></span></p>\r\n\r\n<p style=\"text-align:start\"><span style=\"font-size:medium\"><span style=\"color:#777777\"><span style=\"font-family:Roboto,sans-serif\"><span style=\"background-color:#ffffff\"><strong>V&iacute; dụ:</strong>&nbsp;Chạy bộ, nhảy d&acirc;y, đạp xe&hellip;đều l&agrave; những b&agrave;i tập cardio.</span></span></span></span></p>\r\n\r\n<p style=\"text-align:start\"><span style=\"font-size:medium\"><span style=\"color:#777777\"><span style=\"font-family:Roboto,sans-serif\"><span style=\"background-color:#ffffff\">Những anh em tập gym l&acirc;u năm rồi đều biết những b&agrave;i tập cardio l&agrave; những b&agrave;i n&agrave;o. Một số bạn m&igrave;nh thấy tới ph&ograve;ng tập h&ocirc;m n&agrave;o cũng chạy bộ, m&igrave;nh c&oacute; hỏi l&agrave; đang tập cardio &agrave;? Th&igrave; nhận c&acirc;u trả lời đang chạy bộ th&ocirc;i. Cũng kh&aacute; l&agrave; th&uacute; vị nhỉ. (mặt cười).</span></span></span></span></p>\r\n\r\n<p><img alt=\"\" class=\"lazy-load-active wp-image-6526\" src=\"https://thichgym.com/wp-content/uploads/2021/12/tap-cardio-tai-nha.jpg\" style=\"border-radius:inherit; border-style:none; box-sizing:border-box; display:inline-block; height:371px; max-width:100%; opacity:1; transition:opacity 1s ease 0s; vertical-align:bottom; width:700px\" /></p>\r\n\r\n<p>Cardio mang lại nhiều lợi &iacute;ch cho người tập</p>\r\n\r\n<h2 style=\"text-align:start\"><span style=\"font-size:1.6em\"><span style=\"color:#555555\"><span style=\"font-family:Asap,sans-serif\"><strong><span style=\"background-color:#ffffff\">CARDIO C&Oacute; BAO NHI&Ecirc;U LOẠI</span></strong></span></span></span></h2>\r\n\r\n<p style=\"text-align:start\"><span style=\"font-size:medium\"><span style=\"color:#777777\"><span style=\"font-family:Roboto,sans-serif\"><span style=\"background-color:#ffffff\">Dựa v&agrave;o cường độ luyện tập m&agrave; Cardio được chia th&agrave;nh 2 loại đ&oacute; l&agrave;: LISS v&agrave; HIIT</span></span></span></span></p>\r\n\r\n<h3 style=\"text-align:start\"><span style=\"font-size:1.25em\"><span style=\"color:#555555\"><span style=\"font-family:Asap,sans-serif\"><strong><span style=\"background-color:#ffffff\">HIIT (High Intensive Interval Training)</span></strong></span></span></span></h3>\r\n\r\n<p style=\"text-align:start\"><span style=\"font-size:medium\"><span style=\"color:#777777\"><span style=\"font-family:Roboto,sans-serif\"><span style=\"background-color:#ffffff\">B&agrave;i tập Cardio n&agrave;y chỉ n&ecirc;n thực hiện trong khoảng 20 ph&uacute;t. Đ&acirc;y l&agrave; phương ph&aacute;p cardio cường độ cao, ngắt qu&atilde;ng, gi&uacute;p cardio hiệu quả hơn bằng c&aacute;ch đốt ch&aacute;y calo trong thời gian ngắn hơn b&igrave;nh thường. Cụ thể l&agrave; phương ph&aacute;p HIIT đốt ch&aacute;y nhiều calo hơn 25&ndash;30% so với c&aacute;c h&igrave;nh thức tập thể dục th&ocirc;ng thường kh&aacute;c.</span></span></span></span></p>\r\n\r\n<p style=\"text-align:start\"><span style=\"font-size:medium\"><span style=\"color:#777777\"><span style=\"font-family:Roboto,sans-serif\"><span style=\"background-color:#ffffff\">Ngo&agrave;i ra trong khoảng 48 tiếng đồng hồ sau khi tập HIIT th&igrave; cơ thể vẫn diễn ra qu&aacute; tr&igrave;nh đốt calo nhiều hơn b&igrave;nh thường để b&ugrave; đắp lại năng lượng hao hụt trong qu&aacute; tr&igrave;nh luyện tập cường độ cao.</span></span></span></span></p>\r\n\r\n<h3 style=\"text-align:start\"><span style=\"font-size:1.25em\"><span style=\"color:#555555\"><span style=\"font-family:Asap,sans-serif\"><strong><span style=\"background-color:#ffffff\">LISS (Low Intensity Steady State)</span></strong></span></span></span></h3>\r\n\r\n<p style=\"text-align:start\"><span style=\"font-size:medium\"><span style=\"color:#777777\"><span style=\"font-family:Roboto,sans-serif\"><span style=\"background-color:#ffffff\">L&agrave; những b&agrave;i tập ở cường độ thấp hơn so với HIIT nhưng những b&agrave;i tập li&ecirc;n tục luyện tập sức bền hoặc khởi động trước khi luyện tập với cường độ cao.</span></span></span></span></p>\r\n\r\n<p style=\"text-align:start\"><span style=\"font-size:medium\"><span style=\"color:#777777\"><span style=\"font-family:Roboto,sans-serif\"><span style=\"background-color:#ffffff\">Kh&ocirc;ng những thế LISS c&ograve;n được &aacute;p dụng để hồi phục cơ thể sau luyện tập kh&aacute; hiệu quả. V&igrave; LISS gi&uacute;p m&aacute;u v&agrave; oxy bơm khắp cơ thể một c&aacute;ch nhanh ch&oacute;ng gi&uacute;p cơ bắp v&agrave; c&aacute;c cơ quan nhận được nhiều dinh dưỡng hơn, phục hồi nhanh hơn.</span></span></span></span></p>\r\n\r\n<p><img alt=\"Chạy bộ là bài tập Cardio phổ biến trong LISS và HIIT\" class=\"lazy-load-active wp-image-6542\" src=\"https://thichgym.com/wp-content/uploads/2021/12/cardio-chay-bo.jpg\" style=\"border-radius:inherit; border-style:none; box-sizing:border-box; display:inline-block; height:443px; max-width:100%; opacity:1; transition:opacity 1s ease 0s; vertical-align:bottom; width:700px\" /></p>\r\n\r\n<p>Chạy bộ l&agrave; b&agrave;i tập Cardio phổ biến trong LISS v&agrave; HIIT</p>\r\n\r\n<h2 style=\"text-align:start\"><span style=\"font-size:1.6em\"><span style=\"color:#555555\"><span style=\"font-family:Asap,sans-serif\"><strong><span style=\"background-color:#ffffff\">CARDIO C&Oacute; LỢI G&Igrave; CHO NGƯỜI TẬP</span></strong></span></span></span></h2>\r\n\r\n<p style=\"text-align:start\"><span style=\"font-size:medium\"><span style=\"color:#777777\"><span style=\"font-family:Roboto,sans-serif\"><span style=\"background-color:#ffffff\">Ngo&agrave;i t&aacute;c dụng trực tiếp l&agrave; giảm bớt lượng mỡ thừa trong cơ thể, th&igrave; việc luyện tập Cardio một c&aacute;ch đều đặng c&ograve;n mang lại những hiệu ứng t&iacute;ch cực kh&aacute;c đến cơ thể con người.</span></span></span></span></p>\r\n\r\n<h3 style=\"text-align:start\"><span style=\"font-size:1.25em\"><span style=\"color:#555555\"><span style=\"font-family:Asap,sans-serif\"><strong><span style=\"background-color:#ffffff\">Giảm căng thẳng</span></strong></span></span></span></h3>\r\n\r\n<p style=\"text-align:start\"><span style=\"font-size:medium\"><span style=\"color:#777777\"><span style=\"font-family:Roboto,sans-serif\"><span style=\"background-color:#ffffff\">C&aacute;c b&agrave;i tập vận động của Cardio gi&uacute;p cơ thể hoạt động ở tầng suất cao qua đ&oacute; đầy nhanh qu&aacute; tr&igrave;nh m&aacute;u lưu th&ocirc;ng l&ecirc;n n&atilde;o. Đồng thời trong qu&aacute; tr&igrave;nh tập luyện đầu &oacute;c của bạn chỉ tập trung v&agrave;o c&aacute;c động t&aacute;c m&agrave; qu&ecirc;n đi những suy nghĩ ti&ecirc;u cực. Ch&iacute;nh v&igrave; c&aacute;c l&yacute; do tr&ecirc;n m&agrave; những căng thẳng trong c&ocirc;ng việc, cuộc sống được giảm đi đ&aacute;ng kể.</span></span></span></span></p>\r\n\r\n<p style=\"text-align:start\"><span style=\"font-size:medium\"><span style=\"color:#777777\"><span style=\"font-family:Roboto,sans-serif\"><span style=\"background-color:#ffffff\">Đặc biệt nếu bạn l&agrave; d&acirc;n văn ph&ograve;ng, thường xuy&ecirc;n ngồi một chỗ, &iacute;t vận động, h&atilde;y thử c&aacute;c b&agrave;i tập Cardio, chắc chắn bạn sẽ thấy thoải m&aacute;i, sảng kho&aacute;i hơn rất nhiều.</span></span></span></span></p>\r\n\r\n<h3 style=\"text-align:start\"><span style=\"font-size:1.25em\"><span style=\"color:#555555\"><span style=\"font-family:Asap,sans-serif\"><strong><span style=\"background-color:#ffffff\">Cardio gi&uacute;p mạch m&aacute;u khỏe hơn</span></strong></span></span></span></h3>\r\n\r\n<p style=\"text-align:start\"><span style=\"font-size:medium\"><span style=\"color:#777777\"><span style=\"font-family:Roboto,sans-serif\"><span style=\"background-color:#ffffff\">Dưới &aacute;p lực cao khi tim đập mạnh, m&aacute;u v&agrave; oxy len l&otilde;i v&agrave;o từng mạch m&aacute;u nhỏ nhất trực tiếp l&agrave;m mạch m&aacute;u co gi&atilde;n với tần suất cao hơn b&igrave;nh thường. Qu&aacute; tr&igrave;nh n&agrave;y lặp đi lặp lại điều độ l&agrave;m cho mạch m&aacute;u c&oacute; t&iacute;nh đ&agrave;n hồi tốt hơn, giảm nguy cơ vỡ mạch m&aacute;u, duy tr&igrave; qu&aacute; tr&igrave;nh lưu th&ocirc;ng m&aacute;u xuy&ecirc;n suốt.</span></span></span></span></p>\r\n\r\n<h3 style=\"text-align:start\"><span style=\"font-size:1.25em\"><span style=\"color:#555555\"><span style=\"font-family:Asap,sans-serif\"><strong><span style=\"background-color:#ffffff\">Phục hồi cơ thể sau qu&aacute; tr&igrave;nh vận động mạnh</span></strong></span></span></span></h3>\r\n\r\n<p style=\"text-align:start\"><span style=\"font-size:medium\"><span style=\"color:#777777\"><span style=\"font-family:Roboto,sans-serif\"><span style=\"background-color:#ffffff\">Những b&agrave;i tập Cardio nhẹ như đi bộ, chạy bộ sau khi tập luyện cường độ cao sẽ tr&aacute;nh được t&igrave;nh trạng cơ thể dừng hoạt động đột ngột. Đồng thời trả lại t&igrave;nh trạng cơ bắp b&igrave;nh thường gi&uacute;p cơ bắp phục hồi tốt hơn.</span></span></span></span></p>\r\n\r\n<h2 style=\"text-align:start\"><span style=\"font-size:1.6em\"><span style=\"color:#555555\"><span style=\"font-family:Asap,sans-serif\"><strong><span style=\"background-color:#ffffff\">N&Ecirc;N CARDIO MẤY LẦN 1 TUẦN L&Agrave; HỢP L&Yacute;?</span></strong></span></span></span></h2>\r\n\r\n<p style=\"text-align:start\"><span style=\"font-size:medium\"><span style=\"color:#777777\"><span style=\"font-family:Roboto,sans-serif\"><span style=\"background-color:#ffffff\">Sau khi đ&atilde; hiểu được Cardio cũng như ảnh hưởng của n&oacute; l&ecirc;n cơ thể th&igrave; ch&uacute;ng ta đi v&agrave;o chủ đề ch&iacute;nh đ&oacute; l&agrave; tần suất Cardio như thế n&agrave;o l&agrave; hợp l&yacute;. Theo kinh nghiệm luyện tập của m&igrave;nh th&igrave; tần suất luyện tập Cardio phụ thuộc v&agrave;o t&igrave;nh trạng từng người, cụ thể:</span></span></span></span></p>\r\n\r\n<p style=\"text-align:start\"><span style=\"font-size:medium\"><span style=\"color:#777777\"><span style=\"font-family:Roboto,sans-serif\"><span style=\"background-color:#ffffff\"><strong>Người thừa c&acirc;n</strong>&nbsp;tập bao nhi&ecirc;u buổi cardio 1 tuần?&nbsp;<strong>Người đủ c&acirc;n</strong>&nbsp;rồi tập mấy buổi 1 tuần cho săn chắc?&nbsp;<strong>Người gầy</strong>&nbsp;c&oacute; tập được cardio kh&ocirc;ng? H&atilde;y t&igrave;m hiểu từng trường hợp dưới đ&acirc;y, để hiểu r&otilde; hơn nh&eacute;.</span></span></span></span></p>\r\n\r\n<div class=\"ap_container google-auto-placed\" style=\"text-align:center; width:724.5px\">\r\n<div id=\"aswift_2_host\" style=\"padding:0px; width:725px\"><span style=\"font-size:medium\"><span style=\"color:#777777\"><span style=\"font-family:Roboto,sans-serif\"><span style=\"background-color:#ffffff\"><ins><iframe frameborder=\"0\" height=\"0\" id=\"aswift_2\" name=\"aswift_2\" scrolling=\"no\" src=\"https://googleads.g.doubleclick.net/pagead/ads?client=ca-pub-2093123993134893&amp;output=html&amp;h=280&amp;adk=145090117&amp;adf=158993694&amp;pi=t.aa~a.3767188355~i.66~rp.4&amp;w=725&amp;abgtt=6&amp;fwrn=4&amp;fwrnh=100&amp;lmt=1720517780&amp;num_ads=1&amp;rafmt=1&amp;armr=3&amp;sem=mc&amp;pwprc=1238423032&amp;ad_type=text_image&amp;format=725x280&amp;url=https%3A%2F%2Fthichgym.com%2Fcardio-la-gi%2F&amp;fwr=0&amp;pra=3&amp;rh=181&amp;rw=724&amp;rpe=1&amp;resp_fmts=3&amp;wgl=1&amp;fa=27&amp;uach=WyJXaW5kb3dzIiwiMTAuMC4wIiwieDg2IiwiIiwiMTI2LjAuMjU5Mi44NyIsbnVsbCwwLG51bGwsIjY0IixbWyJOb3QvQSlCcmFuZCIsIjguMC4wLjAiXSxbIkNocm9taXVtIiwiMTI2LjAuNjQ3OC4xMjciXSxbIk1pY3Jvc29mdCBFZGdlIiwiMTI2LjAuMjU5Mi44NyJdXSwwXQ..&amp;dt=1720517749875&amp;bpp=4&amp;bdt=819&amp;idt=4&amp;shv=r20240702&amp;mjsv=m202407030101&amp;ptt=9&amp;saldr=aa&amp;abxe=1&amp;cookie=ID%3Dfc668ebe9578c49b%3AT%3D1719043696%3ART%3D1720517727%3AS%3DALNI_MZ07zzqlQsPZJkdwOvF0kNierCP4Q&amp;gpic=UID%3D00000e5b5f65c2fe%3AT%3D1719043696%3ART%3D1720517727%3AS%3DALNI_MYjD7_brGsQH9Kg0OEEStmaETo4AQ&amp;eo_id_str=ID%3Dca1f8439ddfc410a%3AT%3D1719043696%3ART%3D1720517727%3AS%3DAA-AfjZjZ70V-XM5VuxYn_A0cyDi&amp;prev_fmts=0x0%2C725x280&amp;nras=3&amp;correlator=1624281848934&amp;frm=20&amp;pv=1&amp;ga_vid=1322171586.1719043694&amp;ga_sid=1720517749&amp;ga_hid=2147302581&amp;ga_fc=1&amp;ga_cid=1605504359.1720516670&amp;u_tz=420&amp;u_his=5&amp;u_h=768&amp;u_w=1366&amp;u_ah=728&amp;u_aw=1366&amp;u_cd=24&amp;u_sd=1&amp;dmc=8&amp;adx=171&amp;ady=4574&amp;biw=1343&amp;bih=654&amp;scr_x=0&amp;scr_y=1979&amp;eid=44759842%2C42532523%2C44798934%2C95330413%2C95334510%2C95334526%2C95334565%2C31084184%2C95331953%2C31078663%2C31078668%2C31078670&amp;oid=2&amp;pvsid=372543208894960&amp;tmod=1115564103&amp;wsm=1&amp;uas=3&amp;nvt=1&amp;ref=https%3A%2F%2Fthichgym.com%2Fcategory%2Fkien-thuc%2F&amp;fc=1408&amp;brdim=0%2C0%2C0%2C0%2C1366%2C0%2C1366%2C728%2C1358%2C654&amp;vis=1&amp;rsz=%7C%7Cs%7C&amp;abl=NS&amp;fu=128&amp;bc=31&amp;bz=1.01&amp;psd=W251bGwsbnVsbCxudWxsLDNd&amp;nt=1&amp;ifi=3&amp;uci=a!3&amp;btvi=2&amp;fsb=1&amp;dtd=30736\" style=\"box-sizing:border-box; max-width:100%; left:0px; position:absolute; top:0px; border:0px; width:725px; height:0px\" tabindex=\"0\" title=\"Advertisement\" width=\"725\"></iframe></ins></span></span></span></span></div>\r\n</div>\r\n\r\n<h3 style=\"text-align:start\"><span style=\"font-size:1.25em\"><span style=\"color:#555555\"><span style=\"font-family:Asap,sans-serif\"><strong><span style=\"background-color:#ffffff\">Người thừa c&acirc;n, b&eacute;o ph&igrave; n&ecirc;n cardio mấy lần 1 tuần l&agrave; hiệu quả?</span></strong></span></span></span></h3>\r\n\r\n<div class=\"ap_container google-auto-placed\" style=\"text-align:center; width:724.5px\">\r\n<div id=\"aswift_3_host\" style=\"padding:0px; width:725px\"><span style=\"font-size:medium\"><span style=\"color:#777777\"><span style=\"font-family:Roboto,sans-serif\"><span style=\"background-color:#ffffff\"><ins><iframe frameborder=\"0\" height=\"0\" id=\"aswift_3\" name=\"aswift_3\" scrolling=\"no\" src=\"https://googleads.g.doubleclick.net/pagead/ads?client=ca-pub-2093123993134893&amp;output=html&amp;h=280&amp;adk=145090117&amp;adf=4065594415&amp;pi=t.aa~a.3767188355~i.68~rp.4&amp;w=725&amp;abgtt=6&amp;fwrn=4&amp;fwrnh=100&amp;lmt=1720517780&amp;num_ads=1&amp;rafmt=1&amp;armr=3&amp;sem=mc&amp;pwprc=1238423032&amp;ad_type=text_image&amp;format=725x280&amp;url=https%3A%2F%2Fthichgym.com%2Fcardio-la-gi%2F&amp;fwr=0&amp;pra=3&amp;rh=181&amp;rw=724&amp;rpe=1&amp;resp_fmts=3&amp;wgl=1&amp;fa=27&amp;uach=WyJXaW5kb3dzIiwiMTAuMC4wIiwieDg2IiwiIiwiMTI2LjAuMjU5Mi44NyIsbnVsbCwwLG51bGwsIjY0IixbWyJOb3QvQSlCcmFuZCIsIjguMC4wLjAiXSxbIkNocm9taXVtIiwiMTI2LjAuNjQ3OC4xMjciXSxbIk1pY3Jvc29mdCBFZGdlIiwiMTI2LjAuMjU5Mi44NyJdXSwwXQ..&amp;dt=1720517749888&amp;bpp=4&amp;bdt=832&amp;idt=4&amp;shv=r20240702&amp;mjsv=m202407030101&amp;ptt=9&amp;saldr=aa&amp;abxe=1&amp;cookie=ID%3Dfc668ebe9578c49b%3AT%3D1719043696%3ART%3D1720517727%3AS%3DALNI_MZ07zzqlQsPZJkdwOvF0kNierCP4Q&amp;gpic=UID%3D00000e5b5f65c2fe%3AT%3D1719043696%3ART%3D1720517727%3AS%3DALNI_MYjD7_brGsQH9Kg0OEEStmaETo4AQ&amp;eo_id_str=ID%3Dca1f8439ddfc410a%3AT%3D1719043696%3ART%3D1720517727%3AS%3DAA-AfjZjZ70V-XM5VuxYn_A0cyDi&amp;prev_fmts=0x0%2C725x280%2C725x280&amp;nras=4&amp;correlator=1624281848934&amp;frm=20&amp;pv=1&amp;ga_vid=1322171586.1719043694&amp;ga_sid=1720517749&amp;ga_hid=2147302581&amp;ga_fc=1&amp;ga_cid=1605504359.1720516670&amp;u_tz=420&amp;u_his=5&amp;u_h=768&amp;u_w=1366&amp;u_ah=728&amp;u_aw=1366&amp;u_cd=24&amp;u_sd=1&amp;dmc=8&amp;adx=171&amp;ady=4616&amp;biw=1343&amp;bih=654&amp;scr_x=0&amp;scr_y=2200&amp;eid=44759842%2C42532523%2C44798934%2C95330413%2C95334510%2C95334526%2C95334565%2C31084184%2C95331953%2C31078663%2C31078668%2C31078670&amp;oid=2&amp;pvsid=372543208894960&amp;tmod=1115564103&amp;wsm=1&amp;uas=3&amp;nvt=1&amp;ref=https%3A%2F%2Fthichgym.com%2Fcategory%2Fkien-thuc%2F&amp;fc=1408&amp;brdim=0%2C0%2C0%2C0%2C1366%2C0%2C1366%2C728%2C1358%2C654&amp;vis=1&amp;rsz=%7C%7Cs%7C&amp;abl=NS&amp;cms=2&amp;fu=128&amp;bc=31&amp;bz=1.01&amp;psd=W251bGwsbnVsbCxudWxsLDNd&amp;nt=1&amp;ifi=4&amp;uci=a!4&amp;btvi=3&amp;fsb=1&amp;dtd=30949\" style=\"box-sizing:border-box; max-width:100%; left:0px; position:absolute; top:0px; border:0px; width:725px; height:0px\" tabindex=\"0\" title=\"Advertisement\" width=\"725\"></iframe></ins></span></span></span></span></div>\r\n</div>\r\n\r\n<p style=\"text-align:start\"><span style=\"font-size:medium\"><span style=\"color:#777777\"><span style=\"font-family:Roboto,sans-serif\"><span style=\"background-color:#ffffff\">Nếu bạn đang thừa c&acirc;n, cảm thấy cơ thể m&igrave;nh qu&aacute; nhiều mỡ, muốn giảm c&acirc;n th&igrave; bạn chọn đ&uacute;ng chủ đề rồi đ&oacute;. Cardio l&agrave; điều bắt buộc với bất cứ ai đang thừa mỡ, muốn tập gym để c&oacute; v&oacute;c d&aacute;ng thon gọn như &yacute;.</span></span></span></span></p>\r\n\r\n<p style=\"text-align:start\"><span style=\"font-size:medium\"><span style=\"color:#777777\"><span style=\"font-family:Roboto,sans-serif\"><span style=\"background-color:#ffffff\">Cardio l&agrave; những b&agrave;i tập sẽ gi&uacute;p bạn ph&aacute; tan mỡ thừa, gi&uacute;p cơ thể săn chắc. Kh&ocirc;ng c&oacute; c&aacute;ch n&agrave;o giảm c&acirc;n tốt hơn bằng việc cardio kết hợp cả ăn uống điều độ đ&acirc;u.</span></span></span></span></p>\r\n\r\n<p><img alt=\"Người thừa cân nên cardio mấy lần 1 tuần?\" class=\"lazy-load-active wp-image-4068\" src=\"https://thichgym.com/wp-content/uploads/2021/07/cardio-cho-nguoi-beo.jpg\" style=\"border-radius:inherit; border-style:none; box-sizing:border-box; display:inline-block; height:426px; max-width:100%; opacity:1; transition:opacity 1s ease 0s; vertical-align:bottom; width:640px\" title=\"nguoi-thua-can-cardio-may-lan-mot-tuan\" /></p>\r\n\r\n<p>Người thừa c&acirc;n n&ecirc;n cardio mấy lần 1 tuần?</p>\r\n\r\n<p style=\"text-align:start\"><span style=\"font-size:medium\"><span style=\"color:#777777\"><span style=\"font-family:Roboto,sans-serif\"><span style=\"background-color:#ffffff\">Đối với c&aacute;c bạn muốn giảm c&acirc;n, đốt mỡ th&igrave; h&atilde;y ch&uacute; trọng tập cardio nhiều hơn so với c&aacute;c b&agrave;i tập gym chuy&ecirc;n về nh&oacute;m cơ n&agrave;o đ&oacute;.</span></span></span></span></p>\r\n\r\n<p style=\"text-align:start\"><span style=\"font-size:medium\"><span style=\"color:#777777\"><span style=\"font-family:Roboto,sans-serif\"><span style=\"background-color:#ffffff\"><strong>V&iacute; dụ:&nbsp;</strong>1 tuần bạn sẽ đến ph&ograve;ng tập 6 buổi th&igrave; h&atilde;y d&agrave;nh 4 buổi để cardio. 2 buổi c&ograve;n lại h&atilde;y l&agrave;m quen với những b&agrave;i tập gym để gi&uacute;p cơ bắp ph&aacute;t triển, l&agrave;m cơ thể săn chắc hơn.</span></span></span></span></p>\r\n\r\n<div class=\"ap_container google-auto-placed\" style=\"text-align:center; width:724.5px\">\r\n<div id=\"aswift_4_host\" style=\"padding:0px; width:725px\"><span style=\"font-size:medium\"><span style=\"color:#777777\"><span style=\"font-family:Roboto,sans-serif\"><span style=\"background-color:#ffffff\"><ins><iframe frameborder=\"0\" height=\"0\" id=\"aswift_4\" name=\"aswift_4\" scrolling=\"no\" src=\"https://googleads.g.doubleclick.net/pagead/ads?client=ca-pub-2093123993134893&amp;output=html&amp;h=280&amp;adk=145090117&amp;adf=3340098885&amp;pi=t.aa~a.3767188355~i.78~rp.4&amp;w=725&amp;abgtt=6&amp;fwrn=4&amp;fwrnh=100&amp;lmt=1720517781&amp;num_ads=1&amp;rafmt=1&amp;armr=3&amp;sem=mc&amp;pwprc=1238423032&amp;ad_type=text_image&amp;format=725x280&amp;url=https%3A%2F%2Fthichgym.com%2Fcardio-la-gi%2F&amp;fwr=0&amp;pra=3&amp;rh=181&amp;rw=724&amp;rpe=1&amp;resp_fmts=3&amp;wgl=1&amp;fa=27&amp;uach=WyJXaW5kb3dzIiwiMTAuMC4wIiwieDg2IiwiIiwiMTI2LjAuMjU5Mi44NyIsbnVsbCwwLG51bGwsIjY0IixbWyJOb3QvQSlCcmFuZCIsIjguMC4wLjAiXSxbIkNocm9taXVtIiwiMTI2LjAuNjQ3OC4xMjciXSxbIk1pY3Jvc29mdCBFZGdlIiwiMTI2LjAuMjU5Mi44NyJdXSwwXQ..&amp;dt=1720517749901&amp;bpp=4&amp;bdt=845&amp;idt=4&amp;shv=r20240702&amp;mjsv=m202407030101&amp;ptt=9&amp;saldr=aa&amp;abxe=1&amp;cookie=ID%3Dfc668ebe9578c49b%3AT%3D1719043696%3ART%3D1720517727%3AS%3DALNI_MZ07zzqlQsPZJkdwOvF0kNierCP4Q&amp;gpic=UID%3D00000e5b5f65c2fe%3AT%3D1719043696%3ART%3D1720517727%3AS%3DALNI_MYjD7_brGsQH9Kg0OEEStmaETo4AQ&amp;eo_id_str=ID%3Dca1f8439ddfc410a%3AT%3D1719043696%3ART%3D1720517727%3AS%3DAA-AfjZjZ70V-XM5VuxYn_A0cyDi&amp;prev_fmts=0x0%2C725x280%2C725x280%2C725x280&amp;nras=5&amp;correlator=1624281848934&amp;frm=20&amp;pv=1&amp;ga_vid=1322171586.1719043694&amp;ga_sid=1720517749&amp;ga_hid=2147302581&amp;ga_fc=1&amp;ga_cid=1605504359.1720516670&amp;u_tz=420&amp;u_his=5&amp;u_h=768&amp;u_w=1366&amp;u_ah=728&amp;u_aw=1366&amp;u_cd=24&amp;u_sd=1&amp;dmc=8&amp;adx=171&amp;ady=5405&amp;biw=1343&amp;bih=654&amp;scr_x=0&amp;scr_y=2816&amp;eid=44759842%2C42532523%2C44798934%2C95330413%2C95334510%2C95334526%2C95334565%2C31084184%2C95331953%2C31078663%2C31078668%2C31078670&amp;oid=2&amp;pvsid=372543208894960&amp;tmod=1115564103&amp;wsm=1&amp;uas=3&amp;nvt=1&amp;ref=https%3A%2F%2Fthichgym.com%2Fcategory%2Fkien-thuc%2F&amp;fc=1408&amp;brdim=0%2C0%2C0%2C0%2C1366%2C0%2C1366%2C728%2C1358%2C654&amp;vis=1&amp;rsz=%7C%7Cs%7C&amp;abl=NS&amp;fu=128&amp;bc=31&amp;bz=1.01&amp;psd=W251bGwsbnVsbCxudWxsLDNd&amp;nt=1&amp;ifi=5&amp;uci=a!5&amp;btvi=4&amp;fsb=1&amp;dtd=31808\" style=\"box-sizing:border-box; max-width:100%; left:0px; position:absolute; top:0px; border:0px; width:725px; height:0px\" tabindex=\"0\" title=\"Advertisement\" width=\"725\"></iframe></ins></span></span></span></span></div>\r\n</div>\r\n\r\n<p style=\"text-align:start\"><span style=\"font-size:medium\"><span style=\"color:#777777\"><span style=\"font-family:Roboto,sans-serif\"><span style=\"background-color:#ffffff\">Để giảm c&acirc;n, giảm mỡ bạn phải tập cardio hết sức m&igrave;nh.</span></span></span></span></p>\r\n\r\n<div class=\"ap_container google-auto-placed\" style=\"text-align:center; width:724.5px\">\r\n<div id=\"aswift_5_host\" style=\"padding:0px; width:725px\"><span style=\"font-size:medium\"><span style=\"color:#777777\"><span style=\"font-family:Roboto,sans-serif\"><span style=\"background-color:#ffffff\"><ins><iframe frameborder=\"0\" height=\"0\" id=\"aswift_5\" name=\"aswift_5\" scrolling=\"no\" src=\"https://googleads.g.doubleclick.net/pagead/ads?client=ca-pub-2093123993134893&amp;output=html&amp;h=280&amp;adk=145090117&amp;adf=245691593&amp;pi=t.aa~a.3767188355~i.80~rp.4&amp;w=725&amp;abgtt=6&amp;fwrn=4&amp;fwrnh=100&amp;lmt=1720517782&amp;num_ads=1&amp;rafmt=1&amp;armr=3&amp;sem=mc&amp;pwprc=1238423032&amp;ad_type=text_image&amp;format=725x280&amp;url=https%3A%2F%2Fthichgym.com%2Fcardio-la-gi%2F&amp;fwr=0&amp;pra=3&amp;rh=181&amp;rw=724&amp;rpe=1&amp;resp_fmts=3&amp;wgl=1&amp;fa=27&amp;uach=WyJXaW5kb3dzIiwiMTAuMC4wIiwieDg2IiwiIiwiMTI2LjAuMjU5Mi44NyIsbnVsbCwwLG51bGwsIjY0IixbWyJOb3QvQSlCcmFuZCIsIjguMC4wLjAiXSxbIkNocm9taXVtIiwiMTI2LjAuNjQ3OC4xMjciXSxbIk1pY3Jvc29mdCBFZGdlIiwiMTI2LjAuMjU5Mi44NyJdXSwwXQ..&amp;dt=1720517749916&amp;bpp=5&amp;bdt=860&amp;idt=5&amp;shv=r20240702&amp;mjsv=m202407030101&amp;ptt=9&amp;saldr=aa&amp;abxe=1&amp;cookie=ID%3Dfc668ebe9578c49b%3AT%3D1719043696%3ART%3D1720517727%3AS%3DALNI_MZ07zzqlQsPZJkdwOvF0kNierCP4Q&amp;gpic=UID%3D00000e5b5f65c2fe%3AT%3D1719043696%3ART%3D1720517727%3AS%3DALNI_MYjD7_brGsQH9Kg0OEEStmaETo4AQ&amp;eo_id_str=ID%3Dca1f8439ddfc410a%3AT%3D1719043696%3ART%3D1720517727%3AS%3DAA-AfjZjZ70V-XM5VuxYn_A0cyDi&amp;prev_fmts=0x0%2C725x280%2C725x280%2C725x280%2C725x280&amp;nras=6&amp;correlator=1624281848934&amp;frm=20&amp;pv=1&amp;ga_vid=1322171586.1719043694&amp;ga_sid=1720517749&amp;ga_hid=2147302581&amp;ga_fc=1&amp;ga_cid=1605504359.1720516670&amp;u_tz=420&amp;u_his=5&amp;u_h=768&amp;u_w=1366&amp;u_ah=728&amp;u_aw=1366&amp;u_cd=24&amp;u_sd=1&amp;dmc=8&amp;adx=171&amp;ady=5452&amp;biw=1343&amp;bih=654&amp;scr_x=0&amp;scr_y=3000&amp;eid=44759842%2C42532523%2C44798934%2C95330413%2C95334510%2C95334526%2C95334565%2C31084184%2C95331953%2C31078663%2C31078668%2C31078670&amp;oid=2&amp;pvsid=372543208894960&amp;tmod=1115564103&amp;wsm=1&amp;uas=3&amp;nvt=1&amp;ref=https%3A%2F%2Fthichgym.com%2Fcategory%2Fkien-thuc%2F&amp;fc=1408&amp;brdim=0%2C0%2C0%2C0%2C1366%2C0%2C1366%2C728%2C1358%2C654&amp;vis=1&amp;rsz=%7C%7Cs%7C&amp;abl=NS&amp;fu=128&amp;bc=31&amp;bz=1.01&amp;psd=W251bGwsbnVsbCxudWxsLDNd&amp;nt=1&amp;ifi=6&amp;uci=a!6&amp;btvi=5&amp;fsb=1&amp;dtd=32112\" style=\"box-sizing:border-box; max-width:100%; left:0px; position:absolute; top:0px; border:0px; width:725px; height:0px\" tabindex=\"0\" title=\"Advertisement\" width=\"725\"></iframe></ins></span></span></span></span></div>\r\n</div>\r\n\r\n<p style=\"text-align:start\"><span style=\"font-size:medium\"><span style=\"color:#777777\"><span style=\"font-family:Roboto,sans-serif\"><span style=\"background-color:#ffffff\">Trung b&igrave;nh một buổi cardio giảm c&acirc;n sẽ k&eacute;o d&agrave;i từ 45 ph&uacute;t trở l&ecirc;n. L&uacute;c n&agrave;y, phần mỡ thừa trong cơ thể mới được t&aacute;c động đến, cơ thể sẽ lấy năng lượng từ phần mỡ thừa n&agrave;y để cung cấp cho qu&aacute; tr&igrave;nh tập luyện.</span></span></span></span></p>\r\n\r\n<p style=\"text-align:start\"><span style=\"font-size:medium\"><span style=\"color:#777777\"><span style=\"font-family:Roboto,sans-serif\"><span style=\"background-color:#ffffff\">Một c&aacute;ch để cardio hiệu quả kh&aacute;c l&agrave; tập theo phương ph&aacute;p&nbsp;<strong>HIIT</strong>. Nếu bạn chưa biết phương ph&aacute;p n&agrave;y th&igrave; c&oacute; thể xem b&agrave;i:&nbsp;<strong><a href=\"https://thichgym.com/hiit-la-gi-tap-hiit-may-lan-1-tuan/\" rel=\"noreferrer noopener\" style=\"box-sizing:border-box; touch-action:manipulation; color:#005bbc; text-decoration:none\" target=\"_blank\">hiit l&agrave; g&igrave;</a></strong>.</span></span></span></span></p>\r\n\r\n<p style=\"text-align:start\"><span style=\"font-size:medium\"><span style=\"color:#777777\"><span style=\"font-family:Roboto,sans-serif\"><span style=\"background-color:#ffffff\">Th&ocirc;ng thường khi cardio bạn sẽ tập rất b&igrave;nh thường theo động t&aacute;c của từng b&agrave;i. Nhưng với phương ph&aacute;p HIIT bạn phải n&acirc;ng cao cường độ của b&agrave;i tập đ&oacute; trong khoảng thời gian rất ngắn v&agrave; ngắt qu&atilde;ng.</span></span></span></span></p>\r\n\r\n<p style=\"text-align:start\"><span style=\"font-size:medium\"><span style=\"color:#777777\"><span style=\"font-family:Roboto,sans-serif\"><span style=\"background-color:#ffffff\"><strong>V&iacute; dụ:</strong>&nbsp;Khi chạy bộ bạn tăng tốc thật nhanh trong khoảng thời gian từ 10s-60s xong tập chậm lại, v&agrave; sau đ&oacute; lại thực hiện lại như vậy. Bằng c&aacute;ch n&agrave;y cơ thể sẽ bị t&aacute;c động nhiều hơn, gi&uacute;p giảm c&acirc;n tốt hơn.</span></span></span></span></p>\r\n\r\n<p style=\"text-align:start\"><span style=\"font-size:medium\"><span style=\"color:#777777\"><span style=\"font-family:Roboto,sans-serif\"><span style=\"background-color:#ffffff\">Với người muốn giảm c&acirc;n giảm mỡ, h&atilde;y tập &iacute;t nhất từ 4 buổi cardio 1 tuần trở l&ecirc;n, mỗi buổi tối thiểu 30 ph&uacute;t.</span></span></span></span></p>\r\n\r\n<h3 style=\"text-align:start\"><span style=\"font-size:1.25em\"><span style=\"color:#555555\"><span style=\"font-family:Asap,sans-serif\"><strong><span style=\"background-color:#ffffff\">Người gầy c&oacute; n&ecirc;n tập cardio kh&ocirc;ng v&agrave; mấy lần 1 tuần l&agrave; đủ?</span></strong></span></span></span></h3>\r\n\r\n<p style=\"text-align:start\"><span style=\"font-size:medium\"><span style=\"color:#777777\"><span style=\"font-family:Roboto,sans-serif\"><span style=\"background-color:#ffffff\">L&uacute;c trước, m&igrave;nh rất gầy v&agrave; hầu như đợt đ&oacute; m&igrave;nh chẳng bao giờ tập cardio. Đối với người gầy th&igrave; cardio c&ograve;n phản t&aacute;c dụng nếu kh&ocirc;ng tập đ&uacute;ng c&aacute;ch. C&aacute;c b&agrave;i tập cardio sẽ l&agrave;m cơ thể tốn năng lượng lớn, ảnh hưởng tới việc tăng c&acirc;n v&agrave; ph&aacute;t triển cơ bắp.</span></span></span></span></p>\r\n\r\n<div class=\"ap_container google-auto-placed\" style=\"text-align:center; width:724.5px\">\r\n<div id=\"aswift_6_host\" style=\"padding:0px; width:725px\"><span style=\"font-size:medium\"><span style=\"color:#777777\"><span style=\"font-family:Roboto,sans-serif\"><span style=\"background-color:#ffffff\"><ins><iframe frameborder=\"0\" height=\"0\" id=\"aswift_6\" name=\"aswift_6\" scrolling=\"no\" src=\"https://googleads.g.doubleclick.net/pagead/ads?client=ca-pub-2093123993134893&amp;output=html&amp;h=280&amp;adk=145090117&amp;adf=1551390013&amp;pi=t.aa~a.3767188355~i.96~rp.4&amp;w=725&amp;abgtt=6&amp;fwrn=4&amp;fwrnh=100&amp;lmt=1720517782&amp;num_ads=1&amp;rafmt=1&amp;armr=3&amp;sem=mc&amp;pwprc=1238423032&amp;ad_type=text_image&amp;format=725x280&amp;url=https%3A%2F%2Fthichgym.com%2Fcardio-la-gi%2F&amp;fwr=0&amp;pra=3&amp;rh=181&amp;rw=724&amp;rpe=1&amp;resp_fmts=3&amp;wgl=1&amp;fa=27&amp;uach=WyJXaW5kb3dzIiwiMTAuMC4wIiwieDg2IiwiIiwiMTI2LjAuMjU5Mi44NyIsbnVsbCwwLG51bGwsIjY0IixbWyJOb3QvQSlCcmFuZCIsIjguMC4wLjAiXSxbIkNocm9taXVtIiwiMTI2LjAuNjQ3OC4xMjciXSxbIk1pY3Jvc29mdCBFZGdlIiwiMTI2LjAuMjU5Mi44NyJdXSwwXQ..&amp;dt=1720517749937&amp;bpp=4&amp;bdt=881&amp;idt=4&amp;shv=r20240702&amp;mjsv=m202407030101&amp;ptt=9&amp;saldr=aa&amp;abxe=1&amp;cookie=ID%3Dfc668ebe9578c49b%3AT%3D1719043696%3ART%3D1720517727%3AS%3DALNI_MZ07zzqlQsPZJkdwOvF0kNierCP4Q&amp;gpic=UID%3D00000e5b5f65c2fe%3AT%3D1719043696%3ART%3D1720517727%3AS%3DALNI_MYjD7_brGsQH9Kg0OEEStmaETo4AQ&amp;eo_id_str=ID%3Dca1f8439ddfc410a%3AT%3D1719043696%3ART%3D1720517727%3AS%3DAA-AfjZjZ70V-XM5VuxYn_A0cyDi&amp;prev_fmts=0x0%2C725x280%2C725x280%2C725x280%2C725x280%2C725x280&amp;nras=7&amp;correlator=1624281848934&amp;frm=20&amp;pv=1&amp;ga_vid=1322171586.1719043694&amp;ga_sid=1720517749&amp;ga_hid=2147302581&amp;ga_fc=1&amp;ga_cid=1605504359.1720516670&amp;u_tz=420&amp;u_his=5&amp;u_h=768&amp;u_w=1366&amp;u_ah=728&amp;u_aw=1366&amp;u_cd=24&amp;u_sd=1&amp;dmc=8&amp;adx=171&amp;ady=6092&amp;biw=1343&amp;bih=654&amp;scr_x=0&amp;scr_y=3480&amp;eid=44759842%2C42532523%2C44798934%2C95330413%2C95334510%2C95334526%2C95334565%2C31084184%2C95331953%2C31078663%2C31078668%2C31078670&amp;oid=2&amp;pvsid=372543208894960&amp;tmod=1115564103&amp;wsm=1&amp;uas=3&amp;nvt=1&amp;ref=https%3A%2F%2Fthichgym.com%2Fcategory%2Fkien-thuc%2F&amp;fc=1408&amp;brdim=0%2C0%2C0%2C0%2C1366%2C0%2C1366%2C728%2C1358%2C654&amp;vis=1&amp;rsz=%7C%7Cs%7C&amp;abl=NS&amp;fu=128&amp;bc=31&amp;bz=1.01&amp;psd=W251bGwsbnVsbCxudWxsLDNd&amp;nt=1&amp;ifi=7&amp;uci=a!7&amp;btvi=6&amp;fsb=1&amp;dtd=32641\" style=\"box-sizing:border-box; max-width:100%; left:0px; position:absolute; top:0px; border:0px; width:725px; height:0px\" tabindex=\"0\" title=\"Advertisement\" width=\"725\"></iframe></ins></span></span></span></span></div>\r\n</div>\r\n\r\n<p style=\"text-align:start\"><span style=\"font-size:medium\"><span style=\"color:#777777\"><span style=\"font-family:Roboto,sans-serif\"><span style=\"background-color:#ffffff\">Nếu bạn vẫn muốn cardio th&igrave; chỉ n&ecirc;n tập hạn chế. Khoảng 1 buổi mỗi tuần, mỗi buổi n&ecirc;n k&eacute;o d&agrave;i từ 20-30 ph&uacute;t l&agrave; đủ để cơ thể k&iacute;ch th&iacute;ch sự trao đổi chất, gi&uacute;p bạn tăng c&acirc;n tốt m&agrave; kh&ocirc;ng bị ảnh hưởng g&igrave;.</span></span></span></span></p>\r\n\r\n<p><img alt=\"Người gầy có nên cardio nhiều hay không?\" class=\"lazy-load-active wp-image-4074\" src=\"https://thichgym.com/wp-content/uploads/2021/07/cardio-cho-nguoi-gay-1.jpg\" style=\"border-radius:inherit; border-style:none; box-sizing:border-box; display:inline-block; height:426px; max-width:100%; opacity:1; transition:opacity 1s ease 0s; vertical-align:bottom; width:640px\" title=\"nguoi-gay-cardio\" /></p>\r\n\r\n<p>Người gầy c&oacute; n&ecirc;n cardio nhiều hay kh&ocirc;ng?</p>\r\n\r\n<h3 style=\"text-align:start\"><span style=\"font-size:1.25em\"><span style=\"color:#555555\"><span style=\"font-family:Asap,sans-serif\"><strong><span style=\"background-color:#ffffff\">Người đủ c&acirc;n n&ecirc;n cardio mấy lần 1 tuần l&agrave; tốt cho cơ bắp?</span></strong></span></span></span></h3>\r\n\r\n<p><img alt=\"Người đủ cân nặng rồi nên cardio mấy lần một tuần\" class=\"lazy-load-active wp-image-4073\" src=\"https://thichgym.com/wp-content/uploads/2021/07/tap-cardio-cho-nguoi-du-can-nang-1.jpg\" style=\"border-radius:inherit; border-style:none; box-sizing:border-box; display:inline-block; height:427px; max-width:100%; opacity:1; transition:opacity 1s ease 0s; vertical-align:bottom; width:640px\" title=\"cardio-cho-nguoi-du-can\" /></p>\r\n\r\n<p>Người đủ c&acirc;n nặng rồi n&ecirc;n cardio mấy lần một tuần</p>\r\n\r\n<p style=\"text-align:start\"><span style=\"font-size:medium\"><span style=\"color:#777777\"><span style=\"font-family:Roboto,sans-serif\"><span style=\"background-color:#ffffff\">C&ograve;n c&aacute;c bạn đ&atilde; đủ c&acirc;n, kh&ocirc;ng cần giảm mỡ mấy, th&igrave; h&atilde;y thi&ecirc;n về tập c&aacute;c b&agrave;i về gym ph&aacute;t triển cơ bắp hơn. Chỉ n&ecirc;n d&agrave;nh khoảng 1-2 buổi 1 tuần để cardio, đốt mỡ thừa, l&agrave;m săn cơ bắp l&agrave; đủ. C&oacute; thể &aacute;p dụng Cardio dạng LISS.</span></span></span></span></p>\r\n\r\n<p style=\"text-align:start\"><span style=\"font-size:medium\"><span style=\"color:#777777\"><span style=\"font-family:Roboto,sans-serif\"><span style=\"background-color:#ffffff\">Trong qu&aacute; tr&igrave;nh cardio năng lượng sẽ được cơ thể d&ugrave;ng đầu ti&ecirc;n từ cơ bắp. Nếu bạn tập cardio qu&aacute; nhiều sẽ dẫn đến việc mất cơ. Tập gym sẽ chẳng c&ograve;n hiệu quả nữa.</span></span></span></span></p>\r\n\r\n<div class=\"ap_container google-auto-placed\" style=\"text-align:center; width:724.5px\">\r\n<div id=\"aswift_7_host\" style=\"padding:0px; width:725px\"><span style=\"font-size:medium\"><span style=\"color:#777777\"><span style=\"font-family:Roboto,sans-serif\"><span style=\"background-color:#ffffff\"><ins><iframe frameborder=\"0\" height=\"0\" id=\"aswift_7\" name=\"aswift_7\" scrolling=\"no\" src=\"https://googleads.g.doubleclick.net/pagead/ads?client=ca-pub-2093123993134893&amp;output=html&amp;h=280&amp;adk=145090117&amp;adf=1211260563&amp;pi=t.aa~a.3767188355~i.108~rp.4&amp;w=725&amp;abgtt=6&amp;fwrn=4&amp;fwrnh=100&amp;lmt=1720517784&amp;num_ads=1&amp;rafmt=1&amp;armr=3&amp;sem=mc&amp;pwprc=1238423032&amp;ad_type=text_image&amp;format=725x280&amp;url=https%3A%2F%2Fthichgym.com%2Fcardio-la-gi%2F&amp;fwr=0&amp;pra=3&amp;rh=181&amp;rw=724&amp;rpe=1&amp;resp_fmts=3&amp;wgl=1&amp;fa=27&amp;uach=WyJXaW5kb3dzIiwiMTAuMC4wIiwieDg2IiwiIiwiMTI2LjAuMjU5Mi44NyIsbnVsbCwwLG51bGwsIjY0IixbWyJOb3QvQSlCcmFuZCIsIjguMC4wLjAiXSxbIkNocm9taXVtIiwiMTI2LjAuNjQ3OC4xMjciXSxbIk1pY3Jvc29mdCBFZGdlIiwiMTI2LjAuMjU5Mi44NyJdXSwwXQ..&amp;dt=1720517749953&amp;bpp=4&amp;bdt=897&amp;idt=4&amp;shv=r20240702&amp;mjsv=m202407030101&amp;ptt=9&amp;saldr=aa&amp;abxe=1&amp;cookie=ID%3Dfc668ebe9578c49b%3AT%3D1719043696%3ART%3D1720517727%3AS%3DALNI_MZ07zzqlQsPZJkdwOvF0kNierCP4Q&amp;gpic=UID%3D00000e5b5f65c2fe%3AT%3D1719043696%3ART%3D1720517727%3AS%3DALNI_MYjD7_brGsQH9Kg0OEEStmaETo4AQ&amp;eo_id_str=ID%3Dca1f8439ddfc410a%3AT%3D1719043696%3ART%3D1720517727%3AS%3DAA-AfjZjZ70V-XM5VuxYn_A0cyDi&amp;prev_fmts=0x0%2C725x280%2C725x280%2C725x280%2C725x280%2C725x280%2C725x280&amp;nras=8&amp;correlator=1624281848934&amp;frm=20&amp;pv=1&amp;ga_vid=1322171586.1719043694&amp;ga_sid=1720517749&amp;ga_hid=2147302581&amp;ga_fc=1&amp;ga_cid=1605504359.1720516670&amp;u_tz=420&amp;u_his=5&amp;u_h=768&amp;u_w=1366&amp;u_ah=728&amp;u_aw=1366&amp;u_cd=24&amp;u_sd=1&amp;dmc=8&amp;adx=171&amp;ady=7328&amp;biw=1343&amp;bih=654&amp;scr_x=0&amp;scr_y=4723&amp;eid=44759842%2C42532523%2C44798934%2C95330413%2C95334510%2C95334526%2C95334565%2C31084184%2C95331953%2C31078663%2C31078668%2C31078670&amp;oid=2&amp;pvsid=372543208894960&amp;tmod=1115564103&amp;wsm=1&amp;uas=1&amp;nvt=1&amp;ref=https%3A%2F%2Fthichgym.com%2Fcategory%2Fkien-thuc%2F&amp;fc=1408&amp;brdim=0%2C0%2C0%2C0%2C1366%2C0%2C1366%2C728%2C1358%2C654&amp;vis=1&amp;rsz=%7C%7Cs%7C&amp;abl=NS&amp;fu=128&amp;bc=31&amp;bz=1.01&amp;psd=W251bGwsbnVsbCxudWxsLDNd&amp;nt=1&amp;ifi=8&amp;uci=a!8&amp;btvi=7&amp;fsb=1&amp;dtd=34174\" style=\"box-sizing:border-box; max-width:100%; left:0px; position:absolute; top:0px; border:0px; width:725px; height:0px\" tabindex=\"0\" title=\"Advertisement\" width=\"725\"></iframe></ins></span></span></span></span></div>\r\n</div>\r\n\r\n<p style=\"text-align:start\"><span style=\"font-size:medium\"><span style=\"color:#777777\"><span style=\"font-family:Roboto,sans-serif\"><span style=\"background-color:#ffffff\">Một buổi cardio đối với người đủ c&acirc;n giao động từ 30-45 ph&uacute;t. Khoảng thời gian n&agrave;y đủ để cơ thể đốt ch&aacute;y lượng mỡ thừa rồi.</span></span></span></span></p>\r\n\r\n<h2 style=\"text-align:start\"><span style=\"font-size:1.6em\"><span style=\"color:#555555\"><span style=\"font-family:Asap,sans-serif\"><strong><span style=\"background-color:#ffffff\">C&Oacute; N&Ecirc;N TẬP CARDIO MỖI NG&Agrave;Y</span></strong></span></span></span></h2>\r\n\r\n<p style=\"text-align:start\"><span style=\"font-size:medium\"><span style=\"color:#777777\"><span style=\"font-family:Roboto,sans-serif\"><span style=\"background-color:#ffffff\">Như m&igrave;nh đ&atilde; n&oacute;i, Cardio diễn ra mọi l&uacute;c tr&ecirc;n cơ thể v&igrave; bản chất của n&oacute; l&agrave; cơ chế đốt mỡ của cơ thể. Việc tập cardio chỉ l&agrave; một c&aacute;ch để đẩy nhanh qu&aacute; tr&igrave;nh cardio hơn b&igrave;nh thường. V&igrave; vậy việc tập cardio mỗi ng&agrave;y với cường độ th&iacute;ch hợp l&agrave; ho&agrave;n to&agrave;n n&ecirc;n v&igrave; n&oacute; tốt cho tim mạch n&oacute;i ri&ecirc;ng v&agrave; sức khỏe n&oacute;i chung.</span></span></span></span></p>\r\n\r\n<p style=\"text-align:start\"><span style=\"font-size:medium\"><span style=\"color:#777777\"><span style=\"font-family:Roboto,sans-serif\"><span style=\"background-color:#ffffff\">V&iacute; dụ: mỗi ng&agrave;y đi bộ 1000 bước, hay chạy bộ (nhẹ) 15 ph&uacute;t, nhảy d&acirc;y 300 c&aacute;i,&hellip; l&agrave; rất tốt cho tim mạch đấy. Đừng l&agrave;m quan trọng h&oacute;a cardio, n&oacute; cũng chỉ l&agrave; c&aacute;c b&agrave;i tập thể dục ch&uacute;ng ta vẫn thường thực hiện th&ocirc;i.</span></span></span></span></p>\r\n\r\n<h2 style=\"text-align:start\"><span style=\"font-size:1.6em\"><span style=\"color:#555555\"><span style=\"font-family:Asap,sans-serif\"><strong><span style=\"background-color:#ffffff\">KẾT HỢP VỚI ĂN UỐNG ĐỂ CARDIO HIỆU QUẢ NHẤT</span></strong></span></span></span></h2>\r\n\r\n<p style=\"text-align:start\"><span style=\"font-size:medium\"><span style=\"color:#777777\"><span style=\"font-family:Roboto,sans-serif\"><span style=\"background-color:#ffffff\">Để tập cardio hiệu quả bạn c&ograve;n phải c&oacute; chế độ ăn uống khoa học. Tập luyện chỉ l&agrave; một phần nhỏ, dinh dưỡng sẽ chiếm phần lớn.</span></span></span></span></p>\r\n\r\n<p style=\"text-align:start\"><span style=\"font-size:medium\"><span style=\"color:#777777\"><span style=\"font-family:Roboto,sans-serif\"><span style=\"background-color:#ffffff\">Nếu bạn muốn giảm c&acirc;n, tập cardio về m&agrave; vẫn ăn nhiều, ăn khỏe hơn th&igrave; đừng hỏi tại sao m&igrave;nh m&atilde;i kh&ocirc;ng thay đổi nh&eacute;.</span></span></span></span></p>\r\n\r\n<div class=\"ap_container google-auto-placed\" style=\"text-align:center; width:724.5px\">\r\n<div id=\"aswift_8_host\" style=\"padding:0px; width:725px\"><span style=\"font-size:medium\"><span style=\"color:#777777\"><span style=\"font-family:Roboto,sans-serif\"><span style=\"background-color:#ffffff\"><ins><iframe frameborder=\"0\" height=\"0\" id=\"aswift_8\" name=\"aswift_8\" scrolling=\"no\" src=\"https://googleads.g.doubleclick.net/pagead/ads?client=ca-pub-2093123993134893&amp;output=html&amp;h=280&amp;adk=145090117&amp;adf=3074594375&amp;pi=t.aa~a.3767188355~i.123~rp.4&amp;w=725&amp;abgtt=6&amp;fwrn=4&amp;fwrnh=100&amp;lmt=1720517787&amp;num_ads=1&amp;rafmt=1&amp;armr=3&amp;sem=mc&amp;pwprc=1238423032&amp;ad_type=text_image&amp;format=725x280&amp;url=https%3A%2F%2Fthichgym.com%2Fcardio-la-gi%2F&amp;fwr=0&amp;pra=3&amp;rh=181&amp;rw=724&amp;rpe=1&amp;resp_fmts=3&amp;wgl=1&amp;fa=27&amp;uach=WyJXaW5kb3dzIiwiMTAuMC4wIiwieDg2IiwiIiwiMTI2LjAuMjU5Mi44NyIsbnVsbCwwLG51bGwsIjY0IixbWyJOb3QvQSlCcmFuZCIsIjguMC4wLjAiXSxbIkNocm9taXVtIiwiMTI2LjAuNjQ3OC4xMjciXSxbIk1pY3Jvc29mdCBFZGdlIiwiMTI2LjAuMjU5Mi44NyJdXSwwXQ..&amp;dt=1720517749967&amp;bpp=4&amp;bdt=911&amp;idt=4&amp;shv=r20240702&amp;mjsv=m202407030101&amp;ptt=9&amp;saldr=aa&amp;abxe=1&amp;cookie=ID%3Dfc668ebe9578c49b%3AT%3D1719043696%3ART%3D1720517727%3AS%3DALNI_MZ07zzqlQsPZJkdwOvF0kNierCP4Q&amp;gpic=UID%3D00000e5b5f65c2fe%3AT%3D1719043696%3ART%3D1720517727%3AS%3DALNI_MYjD7_brGsQH9Kg0OEEStmaETo4AQ&amp;eo_id_str=ID%3Dca1f8439ddfc410a%3AT%3D1719043696%3ART%3D1720517727%3AS%3DAA-AfjZjZ70V-XM5VuxYn_A0cyDi&amp;prev_fmts=0x0%2C725x280%2C725x280%2C725x280%2C725x280%2C725x280%2C725x280%2C725x280&amp;nras=9&amp;correlator=1624281848934&amp;frm=20&amp;pv=1&amp;ga_vid=1322171586.1719043694&amp;ga_sid=1720517749&amp;ga_hid=2147302581&amp;ga_fc=1&amp;ga_cid=1605504359.1720516670&amp;u_tz=420&amp;u_his=5&amp;u_h=768&amp;u_w=1366&amp;u_ah=728&amp;u_aw=1366&amp;u_cd=24&amp;u_sd=1&amp;dmc=8&amp;adx=171&amp;ady=8582&amp;biw=1343&amp;bih=654&amp;scr_x=0&amp;scr_y=5970&amp;eid=44759842%2C42532523%2C44798934%2C95330413%2C95334510%2C95334526%2C95334565%2C31084184%2C95331953%2C31078663%2C31078668%2C31078670&amp;oid=2&amp;pvsid=372543208894960&amp;tmod=1115564103&amp;wsm=1&amp;uas=1&amp;nvt=1&amp;ref=https%3A%2F%2Fthichgym.com%2Fcategory%2Fkien-thuc%2F&amp;fc=1408&amp;brdim=0%2C0%2C0%2C0%2C1366%2C0%2C1366%2C728%2C1358%2C654&amp;vis=1&amp;rsz=%7C%7Cs%7C&amp;abl=NS&amp;fu=128&amp;bc=31&amp;bz=1.01&amp;psd=W251bGwsbnVsbCxudWxsLDNd&amp;nt=1&amp;ifi=9&amp;uci=a!9&amp;btvi=8&amp;fsb=1&amp;dtd=37496\" style=\"box-sizing:border-box; max-width:100%; left:0px; position:absolute; top:0px; border:0px; width:725px; height:0px\" tabindex=\"0\" title=\"Advertisement\" width=\"725\"></iframe></ins></span></span></span></span></div>\r\n</div>\r\n\r\n<p style=\"text-align:start\"><span style=\"font-size:medium\"><span style=\"color:#777777\"><span style=\"font-family:Roboto,sans-serif\"><span style=\"background-color:#ffffff\">B&agrave;i to&aacute;n năng lượng bao giờ cũng rất quan trọng trong gym. H&atilde;y t&iacute;nh to&aacute;n calo một c&aacute;ch hợp l&yacute; để việc cardio đạt hiệu quả nhất.</span></span></span></span></p>\r\n\r\n<p style=\"text-align:start\"><span style=\"font-size:medium\"><span style=\"color:#777777\"><span style=\"font-family:Roboto,sans-serif\"><span style=\"background-color:#ffffff\">C&ograve;n nếu bạn đ&atilde; đủ c&acirc;n rồi m&agrave; kh&ocirc;ng bổ sung đầy đủ protein sau mỗi buổi cardio sẽ dẫn đến việc mất cơ. Điều n&agrave;y cũng rất l&agrave; nguy hiểm tới cơ bắp.</span></span></span></span></p>\r\n\r\n<h2 style=\"text-align:start\"><span style=\"font-size:1.6em\"><span style=\"color:#555555\"><span style=\"font-family:Asap,sans-serif\"><strong><span style=\"background-color:#ffffff\">LỜI KẾT</span></strong></span></span></span></h2>\r\n\r\n<p style=\"text-align:start\"><span style=\"font-size:medium\"><span style=\"color:#777777\"><span style=\"font-family:Roboto,sans-serif\"><span style=\"background-color:#ffffff\">Những th&ocirc;ng tin m&igrave;nh đ&atilde; chia sẻ b&ecirc;n tr&ecirc;n chắc cũng phần n&agrave;o giải đ&aacute;p thắc mắc&nbsp;<strong>cardio l&agrave; g&igrave;</strong>&nbsp;v&agrave; 1 tuần n&ecirc;n tập bao nhi&ecirc;u buổi l&agrave; đủ? T&ugrave;y v&agrave;o mục đ&iacute;ch tập luyện của bạn m&agrave; số buổi tập, thời gian cardio sẽ kh&aacute;c nhau. H&atilde;y ki&ecirc;n tr&igrave;, tập luyện, c&oacute; t&iacute;nh to&aacute;n bạn sẽ l&agrave;m cơ thể m&igrave;nh đẹp hơn. Ch&uacute;c bạn th&agrave;nh c&ocirc;ng!</span></span></span></span></p>\r\n\r\n<div class=\"ddict_btn\" style=\"left:308.594px; top:3816px\"><img src=\"chrome-extension://cianljdimgjlpmjllcbahmpdnicglaap/logo/48.png\" /></div>', '2024-06-26 05:14:14', '2024-07-09 02:46:26');
INSERT INTO `posts` (`id`, `name`, `thumb`, `content`, `created_at`, `updated_at`) VALUES
(9, 'TÁC DỤNG CỦA NHẢY DÂY ĐỐI VỚI NGƯỜI TẬP GYM', '/storage/uploads/2024/07/09/pd2.jfif', '<div style=\"background:#eeeeee; border:1px solid #cccccc; padding:5px 10px\">\r\n<p>Nhảy d&acirc;y l&agrave; một trong số những b&agrave;i tập cardio rất hiệu quả, n&oacute; gi&uacute;p tăng sức bền của cơ thể rất tốt. Ch&iacute;nh v&igrave; l&agrave; b&agrave;i tập cardio m&agrave; nhảy d&acirc;y hỗ trợ rất tốt cho việc giảm c&acirc;n, giảm mỡ. V&igrave; vậy m&agrave; nếu bạn đang quan t&acirc;m đến c&aacute;ch giảm c&acirc;n hiệu quả&nbsp;&nbsp;th&igrave; đừng qu&ecirc;n b&agrave;i tập nhảy d&acirc;y. V&igrave; vậy m&agrave; m&igrave;nh đưa t&aacute;c dụng n&agrave;y l&ecirc;n đầu ti&ecirc;n.</p>\r\n\r\n<p>Nhảy d&acirc;y c&ograve;n l&agrave; b&agrave;i tập rất dễ tập, bạn c&oacute; thể tập n&oacute; ngay tại nh&agrave; m&agrave; kh&ocirc;ng cần phải tới ph&ograve;ng tập. Trong đợt ở nh&agrave; c&aacute;ch ly m&igrave;nh c&oacute; lấy sợi d&acirc;y mạng hỏng l&agrave;m d&acirc;y nhảy, cũng ok nhưng để đạt được hiệu quả cũng như mang lại sự thoải m&aacute;i m&igrave;nh khuy&ecirc;n n&ecirc;n sắm d&acirc;y nhảy chuy&ecirc;n dụng trước khi bắt đầu tập nh&eacute;.</p>\r\n\r\n<h2>C&Aacute;CH LỰA CHỌN D&Acirc;Y NHẢY TỐT</h2>\r\n\r\n<p>D&acirc;y nhảy c&oacute; cấu tạo đơn giản v&igrave; vậy m&agrave; ti&ecirc;u ch&iacute; mua của m&igrave;nh cũng kh&ocirc;ng qua khắt khe. Dưới đ&acirc;y l&agrave; loại d&acirc;y m&igrave;nh đ&atilde; mua v&agrave; c&aacute;c ti&ecirc;u ch&iacute;, bạn c&oacute; thể tham khảo.</p>\r\n\r\n<p><img alt=\"\" src=\"https://cdnplaynutrition.b-cdn.net/wp-content/uploads/2020/12/Loi-ich-nhay-day.jpg\" style=\"height:420px; margin-left:200px; margin-right:200px; width:600px\" /></p>\r\n\r\n<p>D&acirc;y nhảy chuy&ecirc;n dụng ch&acirc;t lượng tốt</p>\r\n\r\n<p><ins><iframe frameborder=\"0\" height=\"0\" id=\"aswift_7\" name=\"aswift_7\" scrolling=\"no\" src=\"https://googleads.g.doubleclick.net/pagead/ads?client=ca-pub-2093123993134893&amp;output=html&amp;h=280&amp;adk=1225394153&amp;adf=1815912030&amp;pi=t.aa~a.3447617074~rp.4&amp;w=725&amp;abgtt=6&amp;fwrn=1&amp;fwrnh=100&amp;lmt=1719731914&amp;rafmt=1&amp;to=qs&amp;pwprc=1238423032&amp;format=725x280&amp;url=https%3A%2F%2Fthichgym.com%2Ftac-dung-cua-nhay-day-doi-voi-nguoi-tap-gym%2F&amp;fwr=0&amp;fwrattr=false&amp;pra=3&amp;rpe=1&amp;resp_fmts=3&amp;wgl=1&amp;fa=40&amp;uach=WyJXaW5kb3dzIiwiMTAuMC4wIiwieDg2IiwiIiwiMTI2LjAuMjU5Mi42OCIsbnVsbCwwLG51bGwsIjY0IixbWyJOb3QvQSlCcmFuZCIsIjguMC4wLjAiXSxbIkNocm9taXVtIiwiMTI2LjAuNjQ3OC4xMTQiXSxbIk1pY3Jvc29mdCBFZGdlIiwiMTI2LjAuMjU5Mi42OCJdXSwwXQ..&amp;dt=1719731914096&amp;bpp=4&amp;bdt=3831&amp;idt=4&amp;shv=r20240625&amp;mjsv=m202406250101&amp;ptt=9&amp;saldr=aa&amp;abxe=1&amp;cookie=ID%3Dfc668ebe9578c49b%3AT%3D1719043696%3ART%3D1719731790%3AS%3DALNI_MZ07zzqlQsPZJkdwOvF0kNierCP4Q&amp;gpic=UID%3D00000e5b5f65c2fe%3AT%3D1719043696%3ART%3D1719731790%3AS%3DALNI_MYjD7_brGsQH9Kg0OEEStmaETo4AQ&amp;eo_id_str=ID%3Dca1f8439ddfc410a%3AT%3D1719043696%3ART%3D1719731790%3AS%3DAA-AfjZjZ70V-XM5VuxYn_A0cyDi&amp;prev_fmts=0x0%2C217x600%2C725x280&amp;nras=4&amp;correlator=3375037262470&amp;frm=20&amp;pv=1&amp;ga_vid=1322171586.1719043694&amp;ga_sid=1719731914&amp;ga_hid=2084599847&amp;ga_fc=1&amp;ga_cid=102548900.1719731789&amp;u_tz=420&amp;u_his=5&amp;u_h=768&amp;u_w=1366&amp;u_ah=728&amp;u_aw=1366&amp;u_cd=24&amp;u_sd=1&amp;dmc=8&amp;adx=171&amp;ady=2557&amp;biw=1343&amp;bih=654&amp;scr_x=0&amp;scr_y=0&amp;eid=44759842%2C95334511%2C95334526%2C95334571%2C95334580%2C95335896%2C95331953%2C95335291%2C31078663%2C31078668%2C31078670&amp;oid=2&amp;pvsid=1503722688247757&amp;tmod=949057795&amp;wsm=1&amp;uas=0&amp;nvt=1&amp;ref=https%3A%2F%2Fthichgym.com%2Fcategory%2Fbai-tap-gym%2F&amp;fc=1920&amp;brdim=0%2C0%2C0%2C0%2C1366%2C0%2C1366%2C728%2C1358%2C654&amp;vis=1&amp;rsz=%7C%7Cs%7C&amp;abl=NS&amp;fu=128&amp;bc=31&amp;bz=1.01&amp;psd=W251bGwsbnVsbCxudWxsLDNd&amp;nt=1&amp;ifi=8&amp;uci=a!8&amp;btvi=3&amp;fsb=1&amp;dtd=357\" tabindex=\"0\" title=\"Advertisement\" width=\"725\"></iframe></ins></p>\r\n\r\n<p style=\"text-align:center\"><a href=\"http://127.0.0.1:8000/san-pham/9-day-nhay-tap-the-duc-giam-can-khong-day-chuyen-nghiep-pd2.html\">MUA SẢN PHẨM TẠI Đ&Acirc;Y</a></p>\r\n\r\n<p>Gi&aacute; th&agrave;nh của d&acirc;y nhảy cũng tương đối rẻ, dưới 100k th&ocirc;i. Khi bạn lựa chọn d&acirc;y nhảy h&atilde;y đảm bảo c&aacute;c y&ecirc;u cầu dưới đ&acirc;y:</p>\r\n\r\n<ul>\r\n	<li>D&acirc;y kh&ocirc;ng được qu&aacute; nặng, hay nhẹ, sẽ c&oacute; ảnh hưởng tới việc tập.</li>\r\n</ul>\r\n\r\n<ul>\r\n	<li>D&acirc;y nhảy phải c&oacute; độ bền cao, v&igrave; khi nhảy d&acirc;y bị ma s&aacute;t rất nhiều rất dễ hỏng nếu l&agrave; d&acirc;y lởm.</li>\r\n</ul>\r\n\r\n<ul>\r\n	<li>D&acirc;y nhảy phải chỉnh được d&agrave;i ngắn, thuận tiện cho ai tập cũng được.</li>\r\n</ul>\r\n\r\n<ul>\r\n	<li>D&acirc;y c&oacute; phần tay cầm chắc chắn, gi&uacute;p cho bạn trong qu&aacute; tr&igrave;nh nhảy kh&ocirc;ng bị tuột tay.</li>\r\n</ul>\r\n\r\n<ul>\r\n	<li>D&acirc;y kh&ocirc;ng bị xoắn d&acirc;y khi nhảy. M&igrave;nh rất gh&eacute;t trong khi nhảy m&agrave; bị xoắn d&acirc;y, rất l&agrave; ức chế.</li>\r\n</ul>\r\n\r\n<h2>C&Aacute;CH NHẢY ĐỂ PH&Aacute;T HUY T&Aacute;C DỤNG CỦA NHẢY D&Acirc;Y</h2>\r\n\r\n<p>T&aacute;c dụng của nhảy d&acirc;y sẽ thực sự tốt khi động t&aacute;c nhảy đ&uacute;ng kỹ thuật. Đầu ti&ecirc;n h&atilde;y chọn những đồ thể thao co gi&atilde;n tốt, vệc n&agrave;y gi&uacute;p bạn c&oacute; cơ thể thoải m&aacute;i khi tập. Tr&aacute;nh việc mặc quần &aacute;o d&agrave;i khi nhảy d&acirc;y sẽ rất vướng v&iacute;u, dễ t&eacute; ng&atilde;. N&ecirc;n đi gi&agrave;y để bảo vệ ch&acirc;n trong qu&aacute; tr&igrave;nh nhảy d&acirc;y.</p>\r\n\r\n<p>Khi nhảy d&acirc;y bạn h&atilde;y chỉnh d&acirc;y thật c&acirc;n trước khi nhảy, bằng c&aacute;ch giữ ch&acirc;n v&agrave; đo khoảng c&aacute;ch sao cho hợp l&yacute;. C&oacute; nhiều c&aacute;ch nhảy d&acirc;y hiệu quả như:</p>\r\n\r\n<p><img alt=\"tác dụng của nhảy dây\" src=\"https://24hsport.vn/webroot/img/images/tac-dung-cua-nhay-day-doi-voi-nam-gioi-3.jpg\" style=\"height:333px; margin-left:200px; margin-right:200px; width:600px\" title=\"tac-dung-cua-nhay-day\" /></p>\r\n\r\n<p>Chuẩn bị trước nhảy d&acirc;y</p>\r\n\r\n<p><strong>Nhảy với tốc độ nhanh:</strong>&nbsp;Nhảy d&acirc;y nhanh sẽ l&agrave;m bạn rất nhanh mệt, nhưng b&ugrave; lại n&oacute; sẽ rất hiệu quả đối với ai đang giảm c&acirc;n. N&oacute; sẽ gi&uacute;p bạn đốt ch&aacute;y năng lượng một c&aacute;ch nhanh nhất. Xem th&ecirc;m&nbsp;<strong><a href=\"https://thichgym.com/hiit-la-gi-tap-hiit-may-lan-1-tuan/\" rel=\"noreferrer noopener\" target=\"_blank\">hiit l&agrave; g&igrave;</a></strong>&nbsp;để hiểu hơn về c&aacute;ch tập n&agrave;y.</p>\r\n\r\n<p><strong>Nhảy d&acirc;y với tốc độ chậm:</strong>&nbsp;M&igrave;nh hay nhảy theo c&aacute;ch n&agrave;y, v&igrave; vốn dĩ m&igrave;nh cũng hơi nặng n&ecirc;n cứ thong thả m&agrave; nhảy, hiệu quả của n&oacute; cũng rất tốt, gi&uacute;p bạn c&oacute; thể&nbsp;<a href=\"https://thichgym.com/bai-tap-tang-suc-ben/\" rel=\"noreferrer noopener\" target=\"_blank\">tăng sức bền</a>, nhảy được nhiều lần hơn.</p>\r\n\r\n<p><ins><iframe frameborder=\"0\" height=\"0\" id=\"aswift_1\" name=\"aswift_1\" scrolling=\"no\" src=\"https://googleads.g.doubleclick.net/pagead/ads?client=ca-pub-2093123993134893&amp;output=html&amp;h=280&amp;adk=3814752172&amp;adf=4213560956&amp;pi=t.aa~a.1368081161~i.46~rp.4&amp;w=725&amp;abgtt=6&amp;fwrn=4&amp;fwrnh=100&amp;lmt=1719731922&amp;num_ads=1&amp;rafmt=1&amp;armr=3&amp;sem=mc&amp;pwprc=1238423032&amp;ad_type=text_image&amp;format=725x280&amp;url=https%3A%2F%2Fthichgym.com%2Ftac-dung-cua-nhay-day-doi-voi-nguoi-tap-gym%2F&amp;fwr=0&amp;pra=3&amp;rh=181&amp;rw=724&amp;rpe=1&amp;resp_fmts=3&amp;wgl=1&amp;fa=27&amp;uach=WyJXaW5kb3dzIiwiMTAuMC4wIiwieDg2IiwiIiwiMTI2LjAuMjU5Mi42OCIsbnVsbCwwLG51bGwsIjY0IixbWyJOb3QvQSlCcmFuZCIsIjguMC4wLjAiXSxbIkNocm9taXVtIiwiMTI2LjAuNjQ3OC4xMTQiXSxbIk1pY3Jvc29mdCBFZGdlIiwiMTI2LjAuMjU5Mi42OCJdXSwwXQ..&amp;dt=1719731913963&amp;bpp=7&amp;bdt=3698&amp;idt=7&amp;shv=r20240625&amp;mjsv=m202406250101&amp;ptt=9&amp;saldr=aa&amp;abxe=1&amp;cookie=ID%3Dfc668ebe9578c49b%3AT%3D1719043696%3ART%3D1719731790%3AS%3DALNI_MZ07zzqlQsPZJkdwOvF0kNierCP4Q&amp;gpic=UID%3D00000e5b5f65c2fe%3AT%3D1719043696%3ART%3D1719731790%3AS%3DALNI_MYjD7_brGsQH9Kg0OEEStmaETo4AQ&amp;eo_id_str=ID%3Dca1f8439ddfc410a%3AT%3D1719043696%3ART%3D1719731790%3AS%3DAA-AfjZjZ70V-XM5VuxYn_A0cyDi&amp;prev_fmts=0x0%2C217x600%2C725x280%2C725x280&amp;nras=5&amp;correlator=3375037262470&amp;frm=20&amp;pv=1&amp;ga_vid=1322171586.1719043694&amp;ga_sid=1719731914&amp;ga_hid=2084599847&amp;ga_fc=1&amp;ga_cid=102548900.1719731789&amp;u_tz=420&amp;u_his=5&amp;u_h=768&amp;u_w=1366&amp;u_ah=728&amp;u_aw=1366&amp;u_cd=24&amp;u_sd=1&amp;dmc=8&amp;adx=171&amp;ady=3801&amp;biw=1343&amp;bih=654&amp;scr_x=0&amp;scr_y=1186&amp;eid=44759842%2C95334511%2C95334526%2C95334571%2C95334580%2C95335896%2C95331953%2C95335291%2C31078663%2C31078668%2C31078670&amp;oid=2&amp;pvsid=1503722688247757&amp;tmod=949057795&amp;wsm=1&amp;uas=0&amp;nvt=1&amp;ref=https%3A%2F%2Fthichgym.com%2Fcategory%2Fbai-tap-gym%2F&amp;fc=1408&amp;brdim=0%2C0%2C0%2C0%2C1366%2C0%2C1366%2C728%2C1358%2C654&amp;vis=1&amp;rsz=%7C%7Cs%7C&amp;abl=NS&amp;fu=128&amp;bc=31&amp;bz=1.01&amp;psd=W251bGwsbnVsbCxudWxsLDNd&amp;nt=1&amp;ifi=2&amp;uci=a!2&amp;btvi=4&amp;fsb=1&amp;dtd=8135\" tabindex=\"0\" title=\"Advertisement\" width=\"725\"></iframe></ins></p>\r\n\r\n<p><strong>Nhảy d&acirc;y bằng cả 2 ch&acirc;n tiếp đất:</strong>&nbsp;Gi&uacute;p cơ thể được thăng bằng vận dụng sức của to&agrave;n th&acirc;n để nhảy.</p>\r\n\r\n<p><ins><iframe frameborder=\"0\" height=\"0\" id=\"aswift_2\" name=\"aswift_2\" scrolling=\"no\" src=\"https://googleads.g.doubleclick.net/pagead/ads?client=ca-pub-2093123993134893&amp;output=html&amp;h=280&amp;adk=3814752172&amp;adf=1815912030&amp;pi=t.aa~a.1368081161~i.48~rp.4&amp;w=725&amp;abgtt=6&amp;fwrn=4&amp;fwrnh=100&amp;lmt=1719731922&amp;num_ads=1&amp;rafmt=1&amp;armr=3&amp;sem=mc&amp;pwprc=1238423032&amp;ad_type=text_image&amp;format=725x280&amp;url=https%3A%2F%2Fthichgym.com%2Ftac-dung-cua-nhay-day-doi-voi-nguoi-tap-gym%2F&amp;fwr=0&amp;pra=3&amp;rh=181&amp;rw=724&amp;rpe=1&amp;resp_fmts=3&amp;wgl=1&amp;fa=27&amp;uach=WyJXaW5kb3dzIiwiMTAuMC4wIiwieDg2IiwiIiwiMTI2LjAuMjU5Mi42OCIsbnVsbCwwLG51bGwsIjY0IixbWyJOb3QvQSlCcmFuZCIsIjguMC4wLjAiXSxbIkNocm9taXVtIiwiMTI2LjAuNjQ3OC4xMTQiXSxbIk1pY3Jvc29mdCBFZGdlIiwiMTI2LjAuMjU5Mi42OCJdXSwwXQ..&amp;dt=1719731913980&amp;bpp=3&amp;bdt=3715&amp;idt=3&amp;shv=r20240625&amp;mjsv=m202406250101&amp;ptt=9&amp;saldr=aa&amp;abxe=1&amp;cookie=ID%3Dfc668ebe9578c49b%3AT%3D1719043696%3ART%3D1719731790%3AS%3DALNI_MZ07zzqlQsPZJkdwOvF0kNierCP4Q&amp;gpic=UID%3D00000e5b5f65c2fe%3AT%3D1719043696%3ART%3D1719731790%3AS%3DALNI_MYjD7_brGsQH9Kg0OEEStmaETo4AQ&amp;eo_id_str=ID%3Dca1f8439ddfc410a%3AT%3D1719043696%3ART%3D1719731790%3AS%3DAA-AfjZjZ70V-XM5VuxYn_A0cyDi&amp;prev_fmts=0x0%2C217x600%2C725x280%2C725x280%2C725x280&amp;nras=6&amp;correlator=3375037262470&amp;frm=20&amp;pv=1&amp;ga_vid=1322171586.1719043694&amp;ga_sid=1719731914&amp;ga_hid=2084599847&amp;ga_fc=1&amp;ga_cid=102548900.1719731789&amp;u_tz=420&amp;u_his=5&amp;u_h=768&amp;u_w=1366&amp;u_ah=728&amp;u_aw=1366&amp;u_cd=24&amp;u_sd=1&amp;dmc=8&amp;adx=171&amp;ady=3848&amp;biw=1343&amp;bih=654&amp;scr_x=0&amp;scr_y=1400&amp;eid=44759842%2C95334511%2C95334526%2C95334571%2C95334580%2C95335896%2C95331953%2C95335291%2C31078663%2C31078668%2C31078670&amp;oid=2&amp;pvsid=1503722688247757&amp;tmod=949057795&amp;wsm=1&amp;uas=0&amp;nvt=1&amp;ref=https%3A%2F%2Fthichgym.com%2Fcategory%2Fbai-tap-gym%2F&amp;fc=1408&amp;brdim=0%2C0%2C0%2C0%2C1366%2C0%2C1366%2C728%2C1358%2C654&amp;vis=1&amp;rsz=%7C%7Cs%7C&amp;abl=NS&amp;fu=128&amp;bc=31&amp;bz=1.01&amp;psd=W251bGwsbnVsbCxudWxsLDNd&amp;nt=1&amp;ifi=3&amp;uci=a!3&amp;btvi=5&amp;fsb=1&amp;dtd=8288\" tabindex=\"0\" title=\"Advertisement\" width=\"725\"></iframe></ins></p>\r\n\r\n<p><strong>Nhảy d&acirc;y bằng từng ch&acirc;n một:</strong>&nbsp;Gi&uacute;p bạn luyện tập cả 2 ch&acirc;n sao cho đều nhau, đặc biệt bạn n&agrave;o đang tập bắp chuối n&oacute; rất hiệu quả.</p>\r\n\r\n<h2>THỜI GIAN TRONG MỘT BUỔI NHẢY D&Acirc;Y</h2>\r\n\r\n<p>Cũng giống như c&aacute;c buổi tập&nbsp;<strong><a href=\"https://thichgym.com/cardio-la-gi/\" rel=\"noreferrer noopener\" target=\"_blank\">cardio</a></strong>&nbsp;bạn cũng n&ecirc;n tập trong khoảng thời gian nhất định.</p>\r\n\r\n<p>Đối với người muốn tăng c&acirc;n chỉ n&ecirc;n tập từ 20-30 ph&uacute;t. Kh&ocirc;ng n&ecirc;n ng&agrave;y n&agrave;o cũng tập, tập nhiều qu&aacute; kh&ocirc;ng những kh&ocirc;ng hiệu quả m&agrave; lại l&agrave;m bạn xuống c&acirc;n đ&oacute;.</p>\r\n\r\n<p>Đối với người muốn giảm c&acirc;n h&atilde;y tập 45 ph&uacute;t trở l&ecirc;n.</p>\r\n\r\n<p>Tập qu&aacute; nhiều sẽ l&agrave;m cơ thể mất năng lượng, mất cơ bắp n&ecirc;n anh em muốn tăng cơ giảm mỡ h&atilde;y c&acirc;n nhắc nh&eacute;.</p>\r\n\r\n<p><ins><iframe frameborder=\"0\" height=\"0\" id=\"aswift_3\" name=\"aswift_3\" scrolling=\"no\" src=\"https://googleads.g.doubleclick.net/pagead/ads?client=ca-pub-2093123993134893&amp;output=html&amp;h=280&amp;adk=3814752172&amp;adf=4194457861&amp;pi=t.aa~a.1368081161~i.60~rp.4&amp;w=725&amp;abgtt=6&amp;fwrn=4&amp;fwrnh=100&amp;lmt=1719731923&amp;num_ads=1&amp;rafmt=1&amp;armr=3&amp;sem=mc&amp;pwprc=1238423032&amp;ad_type=text_image&amp;format=725x280&amp;url=https%3A%2F%2Fthichgym.com%2Ftac-dung-cua-nhay-day-doi-voi-nguoi-tap-gym%2F&amp;fwr=0&amp;pra=3&amp;rh=181&amp;rw=724&amp;rpe=1&amp;resp_fmts=3&amp;wgl=1&amp;fa=27&amp;uach=WyJXaW5kb3dzIiwiMTAuMC4wIiwieDg2IiwiIiwiMTI2LjAuMjU5Mi42OCIsbnVsbCwwLG51bGwsIjY0IixbWyJOb3QvQSlCcmFuZCIsIjguMC4wLjAiXSxbIkNocm9taXVtIiwiMTI2LjAuNjQ3OC4xMTQiXSxbIk1pY3Jvc29mdCBFZGdlIiwiMTI2LjAuMjU5Mi42OCJdXSwwXQ..&amp;dt=1719731913993&amp;bpp=6&amp;bdt=3728&amp;idt=6&amp;shv=r20240625&amp;mjsv=m202406250101&amp;ptt=9&amp;saldr=aa&amp;abxe=1&amp;cookie=ID%3Dfc668ebe9578c49b%3AT%3D1719043696%3ART%3D1719731790%3AS%3DALNI_MZ07zzqlQsPZJkdwOvF0kNierCP4Q&amp;gpic=UID%3D00000e5b5f65c2fe%3AT%3D1719043696%3ART%3D1719731790%3AS%3DALNI_MYjD7_brGsQH9Kg0OEEStmaETo4AQ&amp;eo_id_str=ID%3Dca1f8439ddfc410a%3AT%3D1719043696%3ART%3D1719731790%3AS%3DAA-AfjZjZ70V-XM5VuxYn_A0cyDi&amp;prev_fmts=0x0%2C217x600%2C725x280%2C725x280%2C725x280%2C725x280&amp;nras=7&amp;correlator=3375037262470&amp;frm=20&amp;pv=1&amp;ga_vid=1322171586.1719043694&amp;ga_sid=1719731914&amp;ga_hid=2084599847&amp;ga_fc=1&amp;ga_cid=102548900.1719731789&amp;u_tz=420&amp;u_his=5&amp;u_h=768&amp;u_w=1366&amp;u_ah=728&amp;u_aw=1366&amp;u_cd=24&amp;u_sd=1&amp;dmc=8&amp;adx=171&amp;ady=4203&amp;biw=1343&amp;bih=654&amp;scr_x=0&amp;scr_y=1653&amp;eid=44759842%2C95334511%2C95334526%2C95334571%2C95334580%2C95335896%2C95331953%2C95335291%2C31078663%2C31078668%2C31078670&amp;oid=2&amp;pvsid=1503722688247757&amp;tmod=949057795&amp;wsm=1&amp;uas=0&amp;nvt=1&amp;ref=https%3A%2F%2Fthichgym.com%2Fcategory%2Fbai-tap-gym%2F&amp;fc=1408&amp;brdim=0%2C0%2C0%2C0%2C1366%2C0%2C1366%2C728%2C1358%2C654&amp;vis=1&amp;rsz=%7C%7Cs%7C&amp;abl=NS&amp;fu=128&amp;bc=31&amp;bz=1.01&amp;psd=W251bGwsbnVsbCxudWxsLDNd&amp;nt=1&amp;ifi=4&amp;uci=a!4&amp;btvi=6&amp;fsb=1&amp;dtd=9922\" tabindex=\"0\" title=\"Advertisement\" width=\"725\"></iframe></ins></p>\r\n\r\n<p>C&ograve;n với m&igrave;nh, m&igrave;nh hay tập khoảng 600- 800 c&aacute;i l&agrave; nghỉ. M&igrave;nh cũng chia th&agrave;nh c&aacute;c hiệp giống c&aacute;c b&agrave;i tập gym th&ocirc;ng thường cho dễ nhớ.</p>\r\n\r\n<p>Mỗi hiệp m&igrave;nh nhảy từ 100-150 c&aacute;i, đến tầm như thế l&agrave; cũng cảm thấy rất mệt rồi. C&agrave;ng về sau m&igrave;nh c&agrave;ng tăng th&ecirc;m số lượng lần nhảy l&ecirc;n. Mục đ&iacute;ch để tăng th&ecirc;m hiệu quả cũng như &aacute;p đặt cho bản th&acirc;n một mục ti&ecirc;u cần phải vượt qua.</p>\r\n\r\n<h3>Nhảy d&acirc;y 500, 1000 c&aacute;i giảm bao nhi&ecirc;u calo?</h3>\r\n\r\n<p>Nhảy d&acirc;y với nhịp độ b&igrave;nh thường bạn sẽ mất khoảng 15 ph&uacute;t để nhảy được 500 c&aacute;i. Nhảy d&acirc;y 500 c&aacute;i sẽ l&agrave;m cơ thể giảm 150-200 calo, c&ograve;n nhảy 1000 c&aacute;i sẽ l&agrave;m cơ thể giảm 350-400 calo.</p>\r\n\r\n<h3>Nhảy d&acirc;y gi&uacute;p bạn c&oacute; cơ bắp chuối săn chắc</h3>\r\n\r\n<p>Nhảy d&acirc;y l&agrave; một trong c&aacute;c b&agrave;i&nbsp;<strong><a href=\"https://thichgym.com/4-bai-tap-bap-chuoi-tron-xoe-san-chac/\" rel=\"noreferrer noopener\" target=\"_blank\">tập bắp ch&acirc;n</a></strong>&nbsp;m&agrave; bất cứ anh em&nbsp;<strong><a href=\"https://thichgym.com/eaa-la-gi/\" rel=\"noreferrer noopener\" target=\"_blank\">gymer</a></strong>&nbsp;n&agrave;o cũng cần phải biết qua. N&oacute; c&oacute; t&aacute;c dụng rất tốt để k&iacute;ch th&iacute;ch cơ bắp chuối ph&aacute;t triển. Để tập bắp chuối hiệu quả bạn n&ecirc;n kết hợp th&ecirc;m cả nhảy d&acirc;y. Lưu &yacute; h&atilde;y nhảy bằng mũi ch&acirc;n sẽ l&agrave;m phần bắp chuối được t&aacute;c động nhiều hơn.</p>\r\n\r\n<h3>Nhảy d&acirc;y c&oacute; t&aacute;c gi&uacute;p bạn giảm stress</h3>\r\n\r\n<p>Nhảy d&acirc;y c&ograve;n l&agrave; b&agrave;i tập gi&uacute;p bạn thư gi&atilde;n, giảm stress sau mồi buổi l&agrave;m việc vất vả. Đặc biệt khi nhảy d&acirc;y v&agrave;o buổi s&aacute;ng sẽ gi&uacute;p cơ thể bạn được l&agrave;m n&oacute;ng, sảng kho&aacute;i hơn để bắt đầu một ng&agrave;y l&agrave;m việc d&agrave;i.</p>\r\n\r\n<h3>Nhảy d&acirc;y c&oacute; t&aacute;c dụng rất tốt cho việc giảm c&acirc;n, giảm mỡ</h3>\r\n\r\n<p><img alt=\"\" src=\"https://nnorganicwheyprotein.com/wp-content/uploads/2022/03/nhay-day-co-tac-dung-gi-2.png\" style=\"height:414px; margin-left:200px; margin-right:200px; width:600px\" /></p>\r\n\r\n<p>Nhảy d&acirc;y đốt mỡ</p>\r\n\r\n<p>Theo một nghi&ecirc;n cứu cho thấy nhảy d&acirc;y trong v&ograve;ng 30 ph&uacute;t sẽ gi&uacute;p bạn đột ch&aacute;y hơn 400 calo. Nhảy nhanh với phương ph&aacute;p HIIT trong 10 ph&uacute;t sẽ đốt lượng năng lượng bằng bạn chạy bộ trong 30 ph&uacute;t.</p>\r\n\r\n<p>Đối với c&aacute;c bạn muốn giảm c&acirc;n th&igrave; lựa chọn nhảy d&acirc;y l&agrave; rất hợp l&yacute;. Vừa dễ thực hiện, vừa tiết kiệm được thời gian v&agrave; tiền bạc, khỏi phải tới ph&ograve;ng tập.</p>\r\n\r\n<p><ins><iframe frameborder=\"0\" height=\"0\" id=\"aswift_4\" name=\"aswift_4\" scrolling=\"no\" src=\"https://googleads.g.doubleclick.net/pagead/ads?client=ca-pub-2093123993134893&amp;output=html&amp;h=280&amp;adk=3814752172&amp;adf=2159960829&amp;pi=t.aa~a.1368081161~i.87~rp.4&amp;w=725&amp;abgtt=6&amp;fwrn=4&amp;fwrnh=100&amp;lmt=1719738999&amp;num_ads=1&amp;rafmt=1&amp;armr=3&amp;sem=mc&amp;pwprc=1238423032&amp;ad_type=text_image&amp;format=725x280&amp;url=https%3A%2F%2Fthichgym.com%2Ftac-dung-cua-nhay-day-doi-voi-nguoi-tap-gym%2F&amp;fwr=0&amp;pra=3&amp;rh=181&amp;rw=724&amp;rpe=1&amp;resp_fmts=3&amp;wgl=1&amp;fa=27&amp;uach=WyJXaW5kb3dzIiwiMTAuMC4wIiwieDg2IiwiIiwiMTI2LjAuMjU5Mi42OCIsbnVsbCwwLG51bGwsIjY0IixbWyJOb3QvQSlCcmFuZCIsIjguMC4wLjAiXSxbIkNocm9taXVtIiwiMTI2LjAuNjQ3OC4xMTQiXSxbIk1pY3Jvc29mdCBFZGdlIiwiMTI2LjAuMjU5Mi42OCJdXSwwXQ..&amp;dt=1719731914009&amp;bpp=4&amp;bdt=3744&amp;idt=4&amp;shv=r20240625&amp;mjsv=m202406250101&amp;ptt=9&amp;saldr=aa&amp;abxe=1&amp;cookie=ID%3Dfc668ebe9578c49b%3AT%3D1719043696%3ART%3D1719731790%3AS%3DALNI_MZ07zzqlQsPZJkdwOvF0kNierCP4Q&amp;gpic=UID%3D00000e5b5f65c2fe%3AT%3D1719043696%3ART%3D1719731790%3AS%3DALNI_MYjD7_brGsQH9Kg0OEEStmaETo4AQ&amp;eo_id_str=ID%3Dca1f8439ddfc410a%3AT%3D1719043696%3ART%3D1719731790%3AS%3DAA-AfjZjZ70V-XM5VuxYn_A0cyDi&amp;prev_fmts=0x0%2C217x600%2C725x280%2C725x280%2C725x280%2C725x280%2C725x280&amp;nras=8&amp;correlator=3375037262470&amp;frm=20&amp;pv=1&amp;ga_vid=1322171586.1719043694&amp;ga_sid=1719731914&amp;ga_hid=2084599847&amp;ga_fc=1&amp;ga_cid=102548900.1719731789&amp;u_tz=420&amp;u_his=5&amp;u_h=768&amp;u_w=1366&amp;u_ah=728&amp;u_aw=1366&amp;u_cd=24&amp;u_sd=1&amp;dmc=8&amp;adx=171&amp;ady=6266&amp;biw=1343&amp;bih=654&amp;scr_x=0&amp;scr_y=3665&amp;eid=44759842%2C95334511%2C95334526%2C95334571%2C95334580%2C95335896%2C95331953%2C95335291%2C31078663%2C31078668%2C31078670&amp;oid=2&amp;pvsid=1503722688247757&amp;tmod=949057795&amp;wsm=1&amp;uas=1&amp;nvt=1&amp;ref=https%3A%2F%2Fthichgym.com%2Fcategory%2Fbai-tap-gym%2F&amp;fc=1408&amp;brdim=0%2C0%2C0%2C0%2C1366%2C0%2C1366%2C728%2C1358%2C654&amp;vis=1&amp;rsz=%7C%7Cs%7C&amp;abl=NS&amp;fu=128&amp;bc=31&amp;bz=1.01&amp;psd=W251bGwsbnVsbCxudWxsLDNd&amp;nt=1&amp;ifi=5&amp;uci=a!5&amp;btvi=7&amp;fsb=1&amp;dtd=M\" tabindex=\"0\" title=\"Advertisement\" width=\"725\"></iframe></ins></p>\r\n\r\n<p>Do l&agrave; b&agrave;i tập cardio n&ecirc;n nhảy d&acirc;y sẽ l&agrave;m cho cơ thể ch&uacute;ng ta đốt năng lượng nhanh hơn. Để giảm c&acirc;n hiệu quả h&atilde;y tập tr&ecirc;n 45 ph&uacute;t, l&uacute;c n&agrave;y phần mỡ mới ch&iacute;nh thức bị đốt ch&aacute;y.</p>\r\n\r\n<p>Với d&acirc;n tập gym th&igrave; sau khi tập bụng xong m&agrave; nhảy d&acirc;y th&igrave; đảm bảo l&ecirc;n m&uacute;i bụng rất nhanh.</p>\r\n\r\n<h3>T&aacute;c dụng của nhảy d&acirc;y với tim mạch</h3>\r\n\r\n<p>Nhảy d&acirc;y với cường độ thấp (cardio) gi&uacute;p m&aacute;u đầy nhanh qu&aacute; tr&igrave;nh lưu th&ocirc;ng đều đặn đến c&aacute;c mạch m&aacute;u nhỏ, tăng cường sự dẽo dai cho mạch m&aacute;u. N&oacute;i chung t&aacute;c dụng của nhảy d&acirc;y v&agrave; c&aacute;c b&agrave;i tập nhẹ với tim mạch l&agrave; điều kh&ocirc;ng thể b&agrave;n c&atilde;i v&igrave; vậy luyện tập nhảy d&acirc;y thường xuy&ecirc;n l&agrave; duy tr&igrave; tim mạch khỏe mạnh.</p>\r\n\r\n<h3>Nhảy d&acirc;y c&oacute; t&aacute;c dụng gi&uacute;p cho cơ thể linh hoạt, xương cổ ch&acirc;n chắc khỏe</h3>\r\n\r\n<p>Bạn c&oacute; để &yacute; rằng, c&aacute;c vận động vi&ecirc;n đ&aacute; b&oacute;ng rất hay nhảy d&acirc;y kh&ocirc;ng?</p>\r\n\r\n<p>Bởi v&igrave; nhảy d&acirc;y gi&uacute;p tăng mật độ xương tại ch&acirc;n, l&agrave;m cho cơ cổ ch&acirc;n khỏe hơn, hạn chế việc bị chấn thương khi đ&aacute; b&oacute;ng. Đặc biết khi nhảy d&acirc;y c&oacute; sự kết hợp giữa nhiều bộ phận kh&aacute;c nhau tr&ecirc;n cơ thể, sẽ l&agrave;m cho cơ thể ch&uacute;ng ta linh hoạt, phản xạ tốt hơn.</p>\r\n\r\n<h3>Nhảy d&acirc;y gi&uacute;p loại bỏ chất độc trong cơ thể</h3>\r\n\r\n<p>Việc nhảy d&acirc;y gi&uacute;p cơ thể mất mồ h&ocirc;i nhiều, từ đ&oacute; c&aacute;c chất độc trong cơ thể cũng theo tuyến mồ h&ocirc;i m&agrave; đi ra. V&igrave; vậy nhảy d&acirc;y rất tốt cho việc thanh lọc cơ thể. H&atilde;y đảm bảo bạn cung cấp đủ lượng nước trong qu&aacute; tr&igrave;nh nhảy d&acirc;y của m&igrave;nh nh&eacute;.</p>\r\n\r\n<h3>Nhảy d&acirc;y c&ograve;n gi&uacute;p bạn tăng chiều cao</h3>\r\n\r\n<p>Hoạt động nhảy d&acirc;y k&iacute;ch th&iacute;ch c&aacute;c khớp xương được gi&atilde;n ra, ch&iacute;nh v&igrave; vậy nhảy d&acirc;y rất tốt cho c&aacute;c bạn n&agrave;o đang trong độ tuổi dậy th&igrave; ph&aacute;t triển chiều cao. C&ograve;n những bạn ngo&agrave;i tuổi dậy th&igrave; rồi m&igrave;nh cũng kh&ocirc;ng chắc chắn l&agrave; c&oacute; cao th&ecirc;m được kh&ocirc;ng? C&aacute;i đ&oacute; c&ograve;n t&ugrave;y thuộc v&agrave;o cơ địa của bạn nữa.</p>\r\n\r\n<h2>T&Oacute;M LẠI</h2>\r\n\r\n<p>T&aacute;c dụng của nhảy d&acirc;y với anh em tập gym n&oacute;i ri&ecirc;ng v&agrave; những người luyện tập thể thao n&oacute;i chung l&agrave; rất tuyệt vời. Nhảy d&acirc;y thực sự hiệu quả với những ai đang muốn giảm c&acirc;n</p>\r\n\r\n<p>Nếu bạn c&ograve;n đang băn khoăn kh&ocirc;ng biết nhảy d&acirc;y c&oacute; t&aacute;c dụng g&igrave; cho cơ thể, th&igrave; h&atilde;y tập luyện ngay h&ocirc;m nay để bắt đầu cảm nhận nh&eacute;!</p>\r\n</div>\r\n\r\n<p>&nbsp;</p>\r\n\r\n<div class=\"ddict_btn\" style=\"left:960.844px; top:3530px\"><img src=\"chrome-extension://cianljdimgjlpmjllcbahmpdnicglaap/logo/48.png\" /></div>\r\n\r\n<div class=\"ddict_btn\" style=\"left:249.375px; top:669.556px\"><img src=\"chrome-extension://cianljdimgjlpmjllcbahmpdnicglaap/logo/48.png\" /></div>', '2024-06-26 05:53:37', '2024-07-12 09:46:08'),
(14, '3 TẠNG NGƯỜI TRONG TẬP GYM, BẠN THUỘC TẠNG NGƯỜI NÀO?', '/storage/uploads/2024/07/09/p4.jpg', '<p><strong>Tạng người</strong>&nbsp;từ khi sinh ra đến khi lớn l&ecirc;n l&agrave; kh&aacute;c nhau ở từng người. Trong tập gym việc x&aacute;c định tạng người kh&aacute; quan trọng v&igrave; n&oacute; gi&uacute;p ch&uacute;ng ta định h&igrave;nh được c&aacute;c b&agrave;i tập ph&ugrave; hợp. C&oacute; người tập th&igrave; l&ecirc;n cơ rất nhanh, c&oacute; người tập th&igrave; l&ecirc;n cơ chậm. Việc xem bạn thuộc tạng người n&agrave;o trong tập gym cũng rất cần thiết.</p>\r\n\r\n<p>Mục đ&iacute;ch l&agrave; để &aacute;p dụng c&aacute;c phương ph&aacute;p tập gym cho m&igrave;nh sao cho hợp l&yacute; nhất. Để biết m&igrave;nh thuộc tạng người tập gym n&agrave;o, h&atilde;y c&ugrave;ng m&igrave;nh t&igrave;m hiểu trong b&agrave;i viết n&agrave;y để nắm r&otilde; hơn nh&eacute;!</p>\r\n\r\n<h2>TẠNG NGƯỜI TRONG TẬP GYM L&Agrave; G&Igrave;</h2>\r\n\r\n<p><img alt=\"3 kiểu người \" src=\"https://thichgym.com/wp-content/uploads/2020/11/tang-nguoi-trong-tap-gym.jpg\" style=\"height:532px; width:532px\" title=\"tang-nguoi-trong-tap-gym\" /></p>\r\n\r\n<p>Tạng người trong tập gym</p>\r\n\r\n<p><strong><a href=\"https://thichgym.com/3-tang-nguoi-trong-tap-gym-ban-thuoc-tang-nguoi-nao/\" rel=\"noreferrer noopener\" target=\"_blank\">Tạng người</a></strong>&nbsp;trong tập gym c&oacute; &yacute; nghĩa l&agrave; muốn n&oacute;i về cơ địa của mỗi người. Kh&ocirc;ng phải ai sinh ra đều c&oacute; cơ địa đẹp sẵn đ&acirc;u, m&agrave; c&ograve;n t&ugrave;y thuộc v&agrave;o nh&acirc;n phẩm nữa (mặt cười).</p>\r\n\r\n<p>Tạng người ở đ&acirc;y gồm những cấu tạo sẵn của cơ thể khi mới được sinh ra: Cơ bắp, cấu tr&uacute;c xương, chiều cao, cơ địa&hellip; Về mọi mặt h&igrave;nh th&aacute;i cơ thể hiểu n&ocirc;m na l&agrave; như vậy!</p>\r\n\r\n<p>Để đơn giản cho bạn dễ h&igrave;nh dung m&igrave;nh lấy 1 v&iacute; dụ.</p>\r\n\r\n<p><strong>V&iacute; dụ:</strong>&nbsp;Tại ph&ograve;ng tập gym bạn gặp những người c&ugrave;ng tập gym như bạn. Mục đ&iacute;ch của họ l&agrave; tăng c&acirc;n. Nhưng họ tập rất nhanh l&ecirc;n c&acirc;n, l&ecirc;n cơ, c&ograve;n ngược lại bạn tập m&atilde;i m&agrave; chả thay đổi g&igrave;. Một phần v&igrave; c&aacute;ch tập luyện, dinh dưỡng, v&agrave; phần c&ograve;n lại l&agrave; do cơ địa, tạng người ảnh hưởng đến việc tăng c&acirc;n, tăng cơ.</p>\r\n\r\n<p>Thế mới c&oacute; những người sinh ra đẹp sẵn rồi, nh&igrave;n qua cứ tưởng họ tập gym l&acirc;u năm, nhưng thực chất họ sinh ra đ&atilde; vậy.</p>\r\n\r\n<p><ins><iframe frameborder=\"0\" height=\"0\" id=\"aswift_1\" name=\"aswift_1\" scrolling=\"no\" src=\"https://googleads.g.doubleclick.net/pagead/ads?client=ca-pub-2093123993134893&amp;output=html&amp;h=280&amp;adk=3934604059&amp;adf=3963674423&amp;pi=t.aa~a.3767188355~i.22~rp.4&amp;w=725&amp;abgtt=6&amp;fwrn=4&amp;fwrnh=100&amp;lmt=1720516693&amp;num_ads=1&amp;rafmt=1&amp;armr=3&amp;sem=mc&amp;pwprc=1238423032&amp;ad_type=text_image&amp;format=725x280&amp;url=https%3A%2F%2Fthichgym.com%2F3-tang-nguoi-trong-tap-gym-ban-thuoc-tang-nguoi-nao%2F&amp;fwr=0&amp;pra=3&amp;rh=181&amp;rw=724&amp;rpe=1&amp;resp_fmts=3&amp;wgl=1&amp;fa=27&amp;uach=WyJXaW5kb3dzIiwiMTAuMC4wIiwieDg2IiwiIiwiMTI2LjAuMjU5Mi44NyIsbnVsbCwwLG51bGwsIjY0IixbWyJOb3QvQSlCcmFuZCIsIjguMC4wLjAiXSxbIkNocm9taXVtIiwiMTI2LjAuNjQ3OC4xMjciXSxbIk1pY3Jvc29mdCBFZGdlIiwiMTI2LjAuMjU5Mi44NyJdXSwwXQ..&amp;dt=1720516693561&amp;bpp=5&amp;bdt=985&amp;idt=5&amp;shv=r20240702&amp;mjsv=m202407030101&amp;ptt=9&amp;saldr=aa&amp;abxe=1&amp;cookie=ID%3Dfc668ebe9578c49b%3AT%3D1719043696%3ART%3D1720516670%3AS%3DALNI_MZ07zzqlQsPZJkdwOvF0kNierCP4Q&amp;gpic=UID%3D00000e5b5f65c2fe%3AT%3D1719043696%3ART%3D1720516670%3AS%3DALNI_MYjD7_brGsQH9Kg0OEEStmaETo4AQ&amp;eo_id_str=ID%3Dca1f8439ddfc410a%3AT%3D1719043696%3ART%3D1720516670%3AS%3DAA-AfjZjZ70V-XM5VuxYn_A0cyDi&amp;prev_fmts=0x0&amp;nras=2&amp;correlator=3321881785558&amp;frm=20&amp;pv=1&amp;ga_vid=1322171586.1719043694&amp;ga_sid=1720516693&amp;ga_hid=1544944828&amp;ga_fc=1&amp;ga_cid=1605504359.1720516670&amp;u_tz=420&amp;u_his=3&amp;u_h=768&amp;u_w=1366&amp;u_ah=728&amp;u_aw=1366&amp;u_cd=24&amp;u_sd=1&amp;dmc=8&amp;adx=171&amp;ady=2284&amp;biw=1343&amp;bih=654&amp;scr_x=0&amp;scr_y=0&amp;eid=44759842%2C42532523%2C44795922%2C95330412%2C95331690%2C95334508%2C95334528%2C95334578%2C95337027%2C31084184%2C95331953%2C31078663%2C31078668%2C31078670&amp;oid=2&amp;pvsid=2878289044536292&amp;tmod=1115564103&amp;wsm=1&amp;uas=0&amp;nvt=1&amp;ref=https%3A%2F%2Fthichgym.com%2F&amp;fc=1408&amp;brdim=0%2C0%2C0%2C0%2C1366%2C0%2C1366%2C728%2C1358%2C654&amp;vis=1&amp;rsz=%7C%7Cs%7C&amp;abl=NS&amp;fu=128&amp;bc=31&amp;bz=1.01&amp;psd=W251bGwsbnVsbCxudWxsLDNd&amp;nt=1&amp;ifi=2&amp;uci=a!2&amp;btvi=1&amp;fsb=1&amp;dtd=85\" tabindex=\"0\" title=\"Advertisement\" width=\"725\"></iframe></ins></p>\r\n\r\n<p>Xem th&ecirc;m:&nbsp;<a href=\"http://127.0.0.1:8000/bai-viet/9-tac-dung-cua-nhay-day-doi-voi-nguoi-tap.html\">T&aacute;c dụng của nhảy d&acirc;y đối với người tập gym</a></p>\r\n\r\n<h2>TẠNG NGƯỜI ĐƯỢC QUYẾT ĐỊNH DO Đ&Acirc;U?</h2>\r\n\r\n<p>Đ&atilde; bao giờ bạn tự hỏi cơ địa của mỗi người được quyết định do đ&acirc;u?</p>\r\n\r\n<p>Cơ địa của ch&uacute;ng ta được quyết định qua gen di truyền, sinh ra đ&atilde; vậy n&ecirc;n kh&ocirc;ng thể thay đổi được. Để đẹp hơn th&igrave; chỉ c&oacute; tập luyện v&agrave; dinh dưỡng mới thay đổi được body.</p>\r\n\r\n<h2>TRONG TẬP GYM C&Oacute; MẤY LOẠI TẠNG NGƯỜI?</h2>\r\n\r\n<p>Để chắc chắn xem bạn thuộc tạng người n&agrave;o? Th&igrave; h&atilde;y c&ugrave;ng m&igrave;nh t&igrave;m hiểu những đặc điểm h&igrave;nh th&aacute;i cơ thể dưới đ&acirc;y. V&agrave; trong tập gym c&oacute; 3 loại tạng người.</p>\r\n\r\n<h3>Tạng người Ectomorph( Gầy) trong tập gym</h3>\r\n\r\n<p><img alt=\"Tạng người Ectomorph trong tập gym\" src=\"https://thichgym.com/wp-content/uploads/2020/11/pexels-andrea-piacquadio-3931060.jpg\" style=\"height:426px; width:640px\" title=\"tang-nguoi-Ectomorph\" /></p>\r\n\r\n<p>Tạng người Ectomorph trong tập gym</p>\r\n\r\n<p>Tạng người n&agrave;y rất hay bắt gặp trong cuộc sống. Nếu chẳng may bạn thuộc tạng người n&agrave;y th&igrave; cũng đừng n&ecirc;n buồn v&igrave; bạn c&oacute; th&ecirc;m một đồng minh rồi đ&oacute;. M&igrave;nh cũng đ&atilde; tững rất gầy v&agrave; thuộc tạng người Ectomorph.</p>\r\n\r\n<p>Tạng người Ectomorph rất kh&oacute; l&ecirc;n c&acirc;n, d&ugrave; c&oacute; ăn hết cả thế giới đi chăng nữa m&agrave; c&acirc;n nặng vẫn vậy. Để c&oacute; thể tăng c&acirc;n bạn cần phải c&oacute; sự đột ph&aacute; gh&ecirc; gớm trong ch&iacute;nh bản th&acirc;n m&igrave;nh.</p>\r\n\r\n<h4>Đặc điểm nhận dạng của tạng người Ectomorph trong tập gym</h4>\r\n\r\n<p><strong>Nh&igrave;n gầy v&agrave; ốm</strong></p>\r\n\r\n<p>Những người thuộc tạng người n&agrave;y sẽ rất gầy, c&oacute; b&eacute;o lắm th&igrave; vẫn thấy gầy. Do gầy, n&ecirc;n sức khỏe sẽ yếu v&agrave; thường xuy&ecirc;n ốm vặt. M&igrave;nh l&uacute;c c&ograve;n gầy th&aacute;ng n&agrave;o cũng ốm vặt &iacute;t nhất 2 trận liền.</p>\r\n\r\n<p><strong>Người cao l&ecirc;u kh&ecirc;u, xương to, lượng mỡ trong cơ thể &iacute;t, &iacute;t cơ bắp</strong></p>\r\n\r\n<p><ins><iframe frameborder=\"0\" height=\"0\" id=\"aswift_2\" name=\"aswift_2\" scrolling=\"no\" src=\"https://googleads.g.doubleclick.net/pagead/ads?client=ca-pub-2093123993134893&amp;output=html&amp;h=280&amp;adk=3934604059&amp;adf=2257079108&amp;pi=t.aa~a.3767188355~i.51~rp.4&amp;w=725&amp;abgtt=6&amp;fwrn=4&amp;fwrnh=100&amp;lmt=1720516701&amp;num_ads=1&amp;rafmt=1&amp;armr=3&amp;sem=mc&amp;pwprc=1238423032&amp;ad_type=text_image&amp;format=725x280&amp;url=https%3A%2F%2Fthichgym.com%2F3-tang-nguoi-trong-tap-gym-ban-thuoc-tang-nguoi-nao%2F&amp;fwr=0&amp;pra=3&amp;rh=181&amp;rw=724&amp;rpe=1&amp;resp_fmts=3&amp;wgl=1&amp;fa=27&amp;uach=WyJXaW5kb3dzIiwiMTAuMC4wIiwieDg2IiwiIiwiMTI2LjAuMjU5Mi44NyIsbnVsbCwwLG51bGwsIjY0IixbWyJOb3QvQSlCcmFuZCIsIjguMC4wLjAiXSxbIkNocm9taXVtIiwiMTI2LjAuNjQ3OC4xMjciXSxbIk1pY3Jvc29mdCBFZGdlIiwiMTI2LjAuMjU5Mi44NyJdXSwwXQ..&amp;dt=1720516693575&amp;bpp=10&amp;bdt=1000&amp;idt=10&amp;shv=r20240702&amp;mjsv=m202407030101&amp;ptt=9&amp;saldr=aa&amp;abxe=1&amp;cookie=ID%3Dfc668ebe9578c49b%3AT%3D1719043696%3ART%3D1720516670%3AS%3DALNI_MZ07zzqlQsPZJkdwOvF0kNierCP4Q&amp;gpic=UID%3D00000e5b5f65c2fe%3AT%3D1719043696%3ART%3D1720516670%3AS%3DALNI_MYjD7_brGsQH9Kg0OEEStmaETo4AQ&amp;eo_id_str=ID%3Dca1f8439ddfc410a%3AT%3D1719043696%3ART%3D1720516670%3AS%3DAA-AfjZjZ70V-XM5VuxYn_A0cyDi&amp;prev_fmts=0x0%2C725x280%2C217x600&amp;nras=4&amp;correlator=3321881785558&amp;frm=20&amp;pv=1&amp;ga_vid=1322171586.1719043694&amp;ga_sid=1720516693&amp;ga_hid=1544944828&amp;ga_fc=1&amp;ga_cid=1605504359.1720516670&amp;u_tz=420&amp;u_his=3&amp;u_h=768&amp;u_w=1366&amp;u_ah=728&amp;u_aw=1366&amp;u_cd=24&amp;u_sd=1&amp;dmc=8&amp;adx=171&amp;ady=4228&amp;biw=1343&amp;bih=654&amp;scr_x=0&amp;scr_y=1643&amp;eid=44759842%2C42532523%2C44795922%2C95330412%2C95331690%2C95334508%2C95334528%2C95334578%2C95337027%2C31084184%2C95331953%2C31078663%2C31078668%2C31078670&amp;oid=2&amp;pvsid=2878289044536292&amp;tmod=1115564103&amp;wsm=1&amp;uas=0&amp;nvt=1&amp;ref=https%3A%2F%2Fthichgym.com%2F&amp;fc=1408&amp;brdim=0%2C0%2C0%2C0%2C1366%2C0%2C1366%2C728%2C1358%2C654&amp;vis=1&amp;rsz=%7C%7Cs%7C&amp;abl=NS&amp;fu=128&amp;bc=31&amp;bz=1.01&amp;psd=W251bGwsbnVsbCxudWxsLDNd&amp;nt=1&amp;ifi=3&amp;uci=a!3&amp;btvi=3&amp;fsb=1&amp;dtd=8148\" tabindex=\"0\" title=\"Advertisement\" width=\"725\"></iframe></ins></p>\r\n\r\n<p>Do gầy n&ecirc;n c&oacute; vẻ ngo&agrave;i nh&igrave;n l&ecirc;u kh&ecirc;u, cảm gi&aacute;c sẽ cao hơn với những người c&oacute; c&ugrave;ng chiều cao. Lượng mỡ trong cơ thể họ rất &iacute;t, thế mới c&oacute; c&acirc;u người gầy nh&igrave;n r&otilde; m&uacute;i bụng l&agrave; vậy.</p>\r\n\r\n<p><strong>Kh&oacute; tăng c&acirc;n d&ugrave; đ&atilde; d&ugrave;ng đủ mọi c&aacute;ch</strong></p>\r\n\r\n<p>Đặc biệt tạng người n&agrave;y rất kh&oacute; để tăng c&acirc;n. Nếu cố gắng ăn uống lắm th&igrave; c&ugrave;ng lắm cũng chỉ l&ecirc;n được 1-2kg m&agrave; th&ocirc;i. Thật sự kh&ocirc;ng đ&aacute;ng kể cho lắm!</p>\r\n\r\n<h4>C&aacute;ch tập gym cho c&aacute;c bạn tạng người Ectomorph nhanh l&ecirc;n c&acirc;n nhất</h4>\r\n\r\n<p>Tạng người Ectomorph nh&igrave;n rất gầy, để cải thiện c&acirc;n nặng của m&igrave;nh. M&igrave;nh khuy&ecirc;n bạn n&ecirc;n đi tập gym hoặc tham gia bất k&igrave; m&ocirc;n thể thao n&agrave;o kh&aacute;c. Mục đ&iacute;ch l&agrave; để tăng sự trao đổi chất của cơ thể, gi&uacute;p bạn tăng c&acirc;n.</p>\r\n\r\n<p>Nếu bạn c&oacute; tham gia tập gym, th&igrave; h&atilde;y lưu &yacute; một số vấn đề dưới đ&acirc;y để tr&aacute;nh việc tập luyện c&ocirc;ng cốc nh&eacute;:</p>\r\n\r\n<p><strong>Kh&ocirc;ng tập qu&aacute; 45 ph&uacute;t một buổi tập</strong></p>\r\n\r\n<p>Việc tập qu&aacute; l&acirc;u trong một buổi tập sẽ l&agrave;m phản t&aacute;c dụng của việc tập gym l&ecirc;n c&acirc;n. Trong qu&aacute; tr&igrave;nh tập luyện bạn sẽ mất calo để duy tr&igrave; c&aacute;c hoạt động của m&igrave;nh. Để c&oacute; thể l&ecirc;n c&acirc;n bạn n&ecirc;n tập từ 30-40 ph&uacute;t một buổi tập.</p>\r\n\r\n<p><strong>Kh&ocirc;ng tập qu&aacute; nhiều c&aacute;c b&agrave;i Cardio trong một tuần</strong></p>\r\n\r\n<p>C&aacute;c b&agrave;i Cardio l&agrave; những b&agrave;i tập tốt cho tim mạch, tuy rất tốt nhưng nếu bạn gầy th&igrave; rất tiếc. Bạn h&atilde;y tập &iacute;t c&aacute;c b&agrave;i cardio th&ocirc;i bạn c&oacute; thể bỏ qua cũng được, kh&ocirc;ng sao cả. C&aacute;c b&agrave;i tập n&agrave;y sẽ đốt hết lượng calo trong cơ thể bạn đồng nghĩa với việc tăng c&acirc;n v&ocirc; &iacute;ch.</p>\r\n\r\n<p><strong>Tập luyện nhẹ nh&agrave;ng v&agrave; đầy đủ c&aacute;c b&agrave;i</strong></p>\r\n\r\n<p>H&atilde;y tập nhẹ nh&agrave;ng v&igrave; tập nặng bạn cũng chẳng đủ sức. L&agrave;m quen với c&aacute;c b&agrave;i tập trước đ&atilde;. Nếu bạn l&agrave; người mới, l&agrave;m chuẩn động t&aacute;c l&agrave; điều đầu ti&ecirc;n bạn n&ecirc;n l&agrave;m. Kh&ocirc;ng ham tạ nặng, việc thể hiện chẳng l&agrave;m bạn thay đổi được g&igrave;.</p>\r\n\r\n<h4>Ăn uống đầy đủ chất dinh dưỡng</h4>\r\n\r\n<p>Những người thuộc tạng người Ectomorph th&igrave; n&ecirc;n ăn tất cả những g&igrave; c&oacute; thể nhất. Kh&ocirc;ng n&ecirc;n ki&ecirc;m khem v&igrave; thực tế bạn chưa đủ c&acirc;n nặng, việc ăn ki&ecirc;ng c&aacute;c đồ ăn ngọt, nhiều tinh bột sẽ l&agrave;m cản trở việc tăng c&acirc;n của bạn. Tin m&igrave;nh đi một khi bạn đ&atilde; tăng c&acirc;n, đủ c&acirc;n nặng th&igrave; việc ăn uống c&oacute; t&iacute;nh to&aacute;n mới cần thiết. C&ograve;n trong l&uacute;c gầy ốm th&igrave; cứ ăn được g&igrave; th&igrave; ăn, c&agrave;ng nhiều c&agrave;ng tốt.</p>\r\n\r\n<h4>Ngủ đủ giấc</h4>\r\n\r\n<p>Việc ngủ đủ giấc, đ&uacute;ng giờ sẽ gi&uacute;p cơ thể nghỉ ngơi, tiết kiệm năng lượng từ đ&oacute; tăng c&acirc;n hiệu quả. H&atilde;y nhớ ngủ &iacute;t nhất 7-8 tiếng một ng&agrave;y v&agrave; tốt nhất l&agrave; ngủ trước 22h đ&ecirc;m.</p>\r\n\r\n<h3>Tạng người Mesomorph( Cơ bắp) trong tập gym</h3>\r\n\r\n<p><img alt=\"Tạng người Mesomorph trong tập gym\" src=\"https://thichgym.com/wp-content/uploads/2020/09/cutting-tap-gym-la-gi.jpg\" style=\"height:519px; width:640px\" /></p>\r\n\r\n<p>Tạng người Mesomorph trong tập gym</p>\r\n\r\n<p>Ai m&agrave; thuộc tạng người n&agrave;y vốn dĩ l&agrave; đẹp sẵn rồi đi tập gym chỉ l&agrave;m đẹp hơn th&ocirc;i.</p>\r\n\r\n<p>Tạng người Mesomorph nh&igrave;n body sẽ rất c&acirc;n đối v&agrave; cũng rất &iacute;t người trong ch&uacute;ng ta c&oacute; cơ địa kiểu n&agrave;y.</p>\r\n\r\n<h4>Đặc điểm nhận dạng</h4>\r\n\r\n<p><strong>Body ngon, &iacute;t mỡ</strong></p>\r\n\r\n<p>Với tạng người n&agrave;y bạn c&oacute; thể dễ thấy cơ thể họ tỉ lệ mỡ rất thấp. Kh&ocirc;ng qu&aacute; b&eacute;o hay gầy, thuộc dạng c&acirc;n đối, nghĩa l&agrave; sinh ra để đẹp đ&oacute;.))</p>\r\n\r\n<p><strong>Nhiều cơ, nhiều thịt, săn chắc</strong></p>\r\n\r\n<p>Phần mỡ trong cơ thể tạng người Mesomorph sẽ &iacute;t thay v&agrave;o đ&oacute; l&agrave; khối lượng thịt v&agrave; cơ sẽ nhiều hơn, n&ecirc;n cơ thể họ tr&ocirc;ng sẽ rất ăn chắc, gọn g&agrave;ng.</p>\r\n\r\n<p><strong>V&agrave; đặc biệt nh&igrave;n họ cứ như kiểu tập gym l&acirc;u năm vậy</strong></p>\r\n\r\n<p><ins><iframe frameborder=\"0\" height=\"0\" id=\"aswift_3\" name=\"aswift_3\" scrolling=\"no\" src=\"https://googleads.g.doubleclick.net/pagead/ads?client=ca-pub-2093123993134893&amp;output=html&amp;h=280&amp;adk=3934604059&amp;adf=3216841643&amp;pi=t.aa~a.3767188355~i.107~rp.4&amp;w=725&amp;abgtt=6&amp;fwrn=4&amp;fwrnh=100&amp;lmt=1720516940&amp;num_ads=1&amp;rafmt=1&amp;armr=3&amp;sem=mc&amp;pwprc=1238423032&amp;ad_type=text_image&amp;format=725x280&amp;url=https%3A%2F%2Fthichgym.com%2F3-tang-nguoi-trong-tap-gym-ban-thuoc-tang-nguoi-nao%2F&amp;fwr=0&amp;pra=3&amp;rh=181&amp;rw=724&amp;rpe=1&amp;resp_fmts=3&amp;wgl=1&amp;fa=27&amp;uach=WyJXaW5kb3dzIiwiMTAuMC4wIiwieDg2IiwiIiwiMTI2LjAuMjU5Mi44NyIsbnVsbCwwLG51bGwsIjY0IixbWyJOb3QvQSlCcmFuZCIsIjguMC4wLjAiXSxbIkNocm9taXVtIiwiMTI2LjAuNjQ3OC4xMjciXSxbIk1pY3Jvc29mdCBFZGdlIiwiMTI2LjAuMjU5Mi44NyJdXSwwXQ..&amp;dt=1720516693612&amp;bpp=7&amp;bdt=1036&amp;idt=7&amp;shv=r20240702&amp;mjsv=m202407030101&amp;ptt=9&amp;saldr=aa&amp;abxe=1&amp;cookie=ID%3Dfc668ebe9578c49b%3AT%3D1719043696%3ART%3D1720516670%3AS%3DALNI_MZ07zzqlQsPZJkdwOvF0kNierCP4Q&amp;gpic=UID%3D00000e5b5f65c2fe%3AT%3D1719043696%3ART%3D1720516670%3AS%3DALNI_MYjD7_brGsQH9Kg0OEEStmaETo4AQ&amp;eo_id_str=ID%3Dca1f8439ddfc410a%3AT%3D1719043696%3ART%3D1720516670%3AS%3DAA-AfjZjZ70V-XM5VuxYn_A0cyDi&amp;prev_fmts=0x0%2C725x280%2C217x600%2C725x280&amp;nras=5&amp;correlator=3321881785558&amp;frm=20&amp;pv=1&amp;ga_vid=1322171586.1719043694&amp;ga_sid=1720516693&amp;ga_hid=1544944828&amp;ga_fc=1&amp;ga_cid=1605504359.1720516670&amp;u_tz=420&amp;u_his=3&amp;u_h=768&amp;u_w=1366&amp;u_ah=728&amp;u_aw=1366&amp;u_cd=24&amp;u_sd=1&amp;dmc=8&amp;adx=171&amp;ady=6138&amp;biw=1343&amp;bih=654&amp;scr_x=0&amp;scr_y=3548&amp;eid=44759842%2C42532523%2C44795922%2C95330412%2C95331690%2C95334508%2C95334528%2C95334578%2C95337027%2C31084184%2C95331953%2C31078663%2C31078668%2C31078670&amp;oid=2&amp;pvsid=2878289044536292&amp;tmod=1115564103&amp;wsm=1&amp;uas=3&amp;nvt=1&amp;ref=https%3A%2F%2Fthichgym.com%2F&amp;fc=1408&amp;brdim=0%2C0%2C0%2C0%2C1366%2C0%2C1366%2C728%2C1358%2C654&amp;vis=1&amp;rsz=%7C%7Cs%7C&amp;abl=NS&amp;fu=128&amp;bc=31&amp;bz=1.01&amp;psd=W251bGwsbnVsbCxudWxsLDNd&amp;nt=1&amp;ifi=4&amp;uci=a!4&amp;btvi=4&amp;fsb=1&amp;dtd=M\" tabindex=\"0\" title=\"Advertisement\" width=\"725\"></iframe></ins></p>\r\n\r\n<p>Đối với tạng người Mesomorph th&igrave; tập gym sẽ rất nhanh l&ecirc;n, nhanh đẹp.</p>\r\n\r\n<h4>Tập gym với tạng người Mesomorph</h4>\r\n\r\n<p>Với ai thuộc tạng người n&agrave;y cũng n&ecirc;n tham gia c&aacute;c hoạt động thể dục thể thao, tập gym để giữ cơ thể m&igrave;nh lu&ocirc;n đẹp nh&eacute;. Đừng v&igrave; đẹp sẵn m&agrave; chủ quan.</p>\r\n\r\n<p>Những lưu &yacute; với tạng người Mesomorph trong tập gym như sau:</p>\r\n\r\n<p><strong>Ăn đầy đủ Calo v&agrave; c&oacute; t&iacute;nh to&aacute;n</strong></p>\r\n\r\n<p>Do cơ thể đ&atilde; c&acirc;n đối v&agrave; tập gym sẽ gi&uacute;p bạn khỏe hơn, săn chắc hơn. C&acirc;n nặng đ&atilde; đủ n&ecirc;n việc duy tr&igrave; chế độ ăn hợp l&yacute; l&agrave; điều v&ocirc; c&ugrave;ng quan trọng. H&atilde;y t&iacute;nh to&aacute;n calo trước khi bạn ăn thứ g&igrave; đ&oacute;. Việc l&agrave;m n&agrave;y sẽ gi&uacute;p bạn kiểm so&aacute;t c&acirc;n năng được tốt hơn.</p>\r\n\r\n<p><strong>Tập luyện hợp l&yacute;, lịch tập khoa học</strong></p>\r\n\r\n<p>H&atilde;y x&acirc;y dựng lịch tập gym của bạn sao cho hợp l&yacute;. Đ&acirc;u l&agrave; điểm yếu của m&igrave;nh th&igrave; h&atilde;y cải thiện n&oacute;.</p>\r\n\r\n<p><strong>V&iacute; dụ:</strong>&nbsp;Phần vai hơi lệch v&agrave; c&ograve;n &iacute;t cơ th&igrave; h&atilde;y n&ecirc;n tập nhiều vai hơn. Ch&uacute; trọng từng nh&oacute;m cơ một, để cơ thể đẹp hơn.</p>\r\n\r\n<p><strong>Tập cardio đều đặn</strong></p>\r\n\r\n<p>Việc tập Cardio sẽ l&agrave;m cơ thể bạn săn chắc hơn với ai thuộc tạng người Mesomorph h&atilde;y n&ecirc;n cardio &iacute;t nhất 2 buổi một tuần nh&eacute;. Vừa để cải thiện sức khỏe vừa để cơ thể thon gọn hơn.</p>\r\n\r\n<h3>Tạng người Endomorph( B&eacute;o) trong tập gym</h3>\r\n\r\n<p><img alt=\"Tạng người Endomorph trong tập gym\" src=\"https://thichgym.com/wp-content/uploads/2020/11/tang-nguoi.jpg\" style=\"height:800px; width:771px\" title=\"tang-nguoi-Endomorph\" /></p>\r\n\r\n<p>Tạng người Endomorph trong tập gym</p>\r\n\r\n<p>Tạng người n&agrave;y thật sự l&agrave; rất&hellip;H&iacute;t thở th&ocirc;i cũng đ&atilde; đủ l&ecirc;n c&acirc;n, giảm c&acirc;n rất chi l&agrave; cực.</p>\r\n\r\n<h4>Đặc điểm nhận dạng tạng người Endomorph</h4>\r\n\r\n<p><strong>Xương b&eacute;, nhiều mỡ</strong></p>\r\n\r\n<p>Tạng người Endomorph sẽ rất nhiều mỡ tr&ecirc;n cơ thể. Phần xương tương đối nhỏ xo với những người kh&aacute;c, phần thịt v&agrave; mỡ nhiều hơn hẳn chiếm tỉ lệ cao hơn.</p>\r\n\r\n<p><strong>D&ugrave; c&oacute; gầy nhưng lượng mỡ trong cơ thể c&ograve;n nhiều hơn lượng cơ</strong></p>\r\n\r\n<p><ins><iframe frameborder=\"0\" height=\"0\" id=\"aswift_4\" name=\"aswift_4\" scrolling=\"no\" src=\"https://googleads.g.doubleclick.net/pagead/ads?client=ca-pub-2093123993134893&amp;output=html&amp;h=280&amp;adk=3934604059&amp;adf=3440367288&amp;pi=t.aa~a.3767188355~i.147~rp.4&amp;w=725&amp;abgtt=6&amp;fwrn=4&amp;fwrnh=100&amp;lmt=1720516949&amp;num_ads=1&amp;rafmt=1&amp;armr=3&amp;sem=mc&amp;pwprc=1238423032&amp;ad_type=text_image&amp;format=725x280&amp;url=https%3A%2F%2Fthichgym.com%2F3-tang-nguoi-trong-tap-gym-ban-thuoc-tang-nguoi-nao%2F&amp;fwr=0&amp;pra=3&amp;rh=181&amp;rw=724&amp;rpe=1&amp;resp_fmts=3&amp;wgl=1&amp;fa=27&amp;uach=WyJXaW5kb3dzIiwiMTAuMC4wIiwieDg2IiwiIiwiMTI2LjAuMjU5Mi44NyIsbnVsbCwwLG51bGwsIjY0IixbWyJOb3QvQSlCcmFuZCIsIjguMC4wLjAiXSxbIkNocm9taXVtIiwiMTI2LjAuNjQ3OC4xMjciXSxbIk1pY3Jvc29mdCBFZGdlIiwiMTI2LjAuMjU5Mi44NyJdXSwwXQ..&amp;dt=1720516693632&amp;bpp=6&amp;bdt=1056&amp;idt=6&amp;shv=r20240702&amp;mjsv=m202407030101&amp;ptt=9&amp;saldr=aa&amp;abxe=1&amp;cookie=ID%3Dfc668ebe9578c49b%3AT%3D1719043696%3ART%3D1720516670%3AS%3DALNI_MZ07zzqlQsPZJkdwOvF0kNierCP4Q&amp;gpic=UID%3D00000e5b5f65c2fe%3AT%3D1719043696%3ART%3D1720516670%3AS%3DALNI_MYjD7_brGsQH9Kg0OEEStmaETo4AQ&amp;eo_id_str=ID%3Dca1f8439ddfc410a%3AT%3D1719043696%3ART%3D1720516670%3AS%3DAA-AfjZjZ70V-XM5VuxYn_A0cyDi&amp;prev_fmts=0x0%2C725x280%2C217x600%2C725x280%2C725x280&amp;nras=6&amp;correlator=3321881785558&amp;frm=20&amp;pv=1&amp;ga_vid=1322171586.1719043694&amp;ga_sid=1720516693&amp;ga_hid=1544944828&amp;ga_fc=1&amp;ga_cid=1605504359.1720516670&amp;u_tz=420&amp;u_his=3&amp;u_h=768&amp;u_w=1366&amp;u_ah=728&amp;u_aw=1366&amp;u_cd=24&amp;u_sd=1&amp;dmc=8&amp;adx=171&amp;ady=8122&amp;biw=1343&amp;bih=654&amp;scr_x=0&amp;scr_y=5517&amp;eid=44759842%2C42532523%2C44795922%2C95330412%2C95331690%2C95334508%2C95334528%2C95334578%2C95337027%2C31084184%2C95331953%2C31078663%2C31078668%2C31078670&amp;oid=2&amp;pvsid=2878289044536292&amp;tmod=1115564103&amp;wsm=1&amp;uas=3&amp;nvt=1&amp;ref=https%3A%2F%2Fthichgym.com%2F&amp;fc=1408&amp;brdim=0%2C0%2C0%2C0%2C1366%2C0%2C1366%2C728%2C1358%2C654&amp;vis=1&amp;rsz=%7C%7Cs%7C&amp;abl=NS&amp;fu=128&amp;bc=31&amp;bz=1.01&amp;psd=W251bGwsbnVsbCxudWxsLDNd&amp;nt=1&amp;ifi=5&amp;uci=a!5&amp;btvi=5&amp;fsb=1&amp;dtd=M\" tabindex=\"0\" title=\"Advertisement\" width=\"725\"></iframe></ins></p>\r\n\r\n<p>D&ugrave; c&oacute; cố gắng giảm c&acirc;n, giảm được v&agrave;i c&acirc;n nhưng lượng mỡ trong cơ thể tạng người Endomorph vẫn rất cao. Nh&igrave;n cơ thể vẫn lỏng lẻo, kh&ocirc;ng được săn chắc</p>\r\n\r\n<p><strong>Rất kh&oacute; giảm c&acirc;n</strong></p>\r\n\r\n<p>Việc giảm c&acirc;n với tạng người Endomorph v&ocirc; c&ugrave;ng kh&oacute; khăn, đ&ograve;i hỏi sự ki&ecirc;n tr&igrave; cao, bền bỉ. Để giảm c&acirc;n th&igrave; việc kết hợp tập luyện với chế độ ăn uống l&agrave; rất quan trọng.</p>\r\n\r\n<h4>Tập luyện với những tạng người Endomorph</h4>\r\n\r\n<p><strong>Tập tr&ecirc;n 1 tiếng</strong></p>\r\n\r\n<p>H&atilde;y tập gym tr&ecirc;n một tiếng trong buổi tập của m&igrave;nh. Việc tập gym l&acirc;u như vậy sẽ gi&uacute;p cơ thể đốt được lượng mỡ thừa trong cơ thể v&agrave; giảm c&acirc;n.</p>\r\n\r\n<p><strong>Tập đầy đủ c&aacute;c b&agrave;i tập gym</strong></p>\r\n\r\n<p>Tập đầy đủ nh&oacute;m cơ sẽ gi&uacute;p phần cơ ph&aacute;t triển từ đ&oacute; lấn &aacute;p phần mỡ cũng sẽ c&oacute; hiệu quả trong việc l&agrave;m đẹp cơ thể bạn hơn. Vậy h&atilde;y tập đều c&aacute;c nh&oacute;m cơ nh&eacute;.</p>\r\n\r\n<p><strong>Thường xuy&ecirc;n tập c&aacute;c b&agrave;i cardio</strong></p>\r\n\r\n<p>C&aacute;c b&agrave;i tập cardio c&ograve;n biết đến l&agrave; những b&agrave;i giảm mỡ nhanh. Vậy n&ecirc;n nếu bạn thuộc tạng người Endomorph h&atilde;y ch&uacute; trọng tập cardio h&agrave;ng ng&agrave;y.</p>\r\n\r\n<p>C&aacute;c b&agrave;i cardio c&oacute; thể kể đến như: chạy bộ, nhảy day&hellip; N&ecirc;n nhớ trong qu&aacute; tr&igrave;nh cardio bạn h&atilde;y tập tr&ecirc;n 45 ph&uacute;t mỗi b&agrave;i. Tr&ecirc;n 45 ph&uacute;t cardio th&igrave; mới c&oacute; thể t&aacute;c động đến phần mỡ trong cơ thể bạn.</p>\r\n\r\n<h4>Tu&acirc;n thủ chế độ ăn, t&iacute;nh to&aacute;n calo khoa học</h4>\r\n\r\n<p>Để giảm c&acirc;n hiệu quả chế độ ăn l&agrave; điều quan trọng nhất đối với ai thuộc tạng người Endomorph. Tuy chỉ h&iacute;t kh&ocirc;ng kh&iacute; th&ocirc;i cũng b&eacute;o, nhưng thực tế việc t&iacute;nh calo hợp l&yacute; sẽ gi&uacute;p bạn giảm c&acirc;n hiệu quả đ&oacute;.</p>\r\n\r\n<h2>LỜI KẾT</h2>\r\n\r\n<p>Qua b&agrave;i viết n&agrave;y, m&igrave;nh tin bạn đ&atilde; t&igrave;m được c&acirc;u trả lời cho bạn l&agrave; m&igrave;nh thuộc tạng người trong tập gym n&agrave;o? Dựa v&agrave;o đ&oacute; bạn c&oacute; thể &aacute;p dụng phương ph&aacute;p tập luyện cho m&igrave;nh sao cho tốt nhất. Ch&uacute;c bạn th&agrave;nh c&ocirc;ng, sớm c&oacute; một body đẹp như mong muốn!</p>\r\n\r\n<div class=\"ddict_btn\" style=\"left:391.891px; top:2518px\"><img src=\"chrome-extension://cianljdimgjlpmjllcbahmpdnicglaap/logo/48.png\" /></div>', '2024-06-26 07:52:25', '2024-07-09 02:25:19');

-- --------------------------------------------------------

--
-- Table structure for table `products`
--

CREATE TABLE `products` (
  `id` bigint(20) UNSIGNED NOT NULL,
  `name` varchar(255) NOT NULL,
  `description` text NOT NULL,
  `content` longtext NOT NULL,
  `menu_id` bigint(20) UNSIGNED NOT NULL,
  `price` int(11) DEFAULT NULL,
  `price_sale` int(11) DEFAULT NULL,
  `stock` int(11) DEFAULT NULL,
  `active` int(11) NOT NULL,
  `created_at` timestamp NULL DEFAULT NULL,
  `updated_at` timestamp NULL DEFAULT NULL,
  `thumb` varchar(255) NOT NULL
) ENGINE=InnoDB DEFAULT CHARSET=utf8mb4 COLLATE=utf8mb4_unicode_ci;

--
-- Dumping data for table `products`
--

INSERT INTO `products` (`id`, `name`, `description`, `content`, `menu_id`, `price`, `price_sale`, `stock`, `active`, `created_at`, `updated_at`, `thumb`) VALUES
(8, 'Dây nhảy thể thao trẻ em 2,8M Tay cầm trong suốt PD1', 'Dây nhảy đua Thiết bị thể thao [MỚI]', '<p>C&aacute;c t&iacute;nh năng: 1. Th&iacute;ch hợp cho trẻ em: D&acirc;y nhảy n&agrave;y được thiết kế d&agrave;nh ri&ecirc;ng cho trẻ em, với chiều d&agrave;i 2,8m, c&oacute; thể đ&aacute;p ứng nhu cầu chiều cao của trẻ v&agrave; cho ph&eacute;p trẻ tận hưởng niềm vui khi nhảy d&acirc;y tốt hơn. 2. Thiết kế tay cầm trong suốt: Tay cầm được l&agrave;m bằng chất liệu trong suốt, thời trang v&agrave; dễ cầm nắm, kh&ocirc;ng dễ trượt, tăng độ ổn định v&agrave; thoải m&aacute;i trong qu&aacute; tr&igrave;nh nhảy d&acirc;y. 3. D&acirc;y nhảy tốc độ: D&acirc;y nhảy n&agrave;y th&iacute;ch hợp cho c&aacute;c sự kiện nhảy d&acirc;y tốc độ, với trọng lượng v&agrave; v&ograve;ng quay &ecirc;m &aacute;i, gi&uacute;p trẻ n&acirc;ng cao tốc độ v&agrave; t&iacute;nh linh hoạt. 4. Chất liệu cao cấp: Được l&agrave;m bằng chất liệu cao cấp c&oacute; độ bền v&agrave; chống m&agrave;i m&ograve;n, c&oacute; khả năng chịu được c&aacute;c chuyển động nhảy d&acirc;y trong thời gian d&agrave;i v&agrave; kh&ocirc;ng dễ bị đứt, hư hỏng. 5. Dễ d&agrave;ng cất giữ: D&acirc;y nhảy c&oacute; chiều d&agrave;i ph&ugrave; hợp, gi&uacute;p bạn dễ d&agrave;ng cất giữ v&agrave; mang theo, thuận tiện cho b&eacute; tham gia c&aacute;c hoạt động nhảy d&acirc;y ngo&agrave;i trời v&agrave; trong nh&agrave;. Th&ocirc;ng số kỹ thuật: Chất liệu: PVC Đặc điểm kỹ thuật: 15 * 11 * 2cm Tổng trọng lượng: khoảng 60g Bao b&igrave;: OPP G&oacute;i bao gồm: Nhảy d&acirc;y * 1 chiếc</p>\r\n\r\n<div class=\"ddict_btn\" style=\"left:1000px; top:11px\"><img src=\"chrome-extension://cianljdimgjlpmjllcbahmpdnicglaap/logo/48.png\" /></div>', 5, 55000, 23000, 96, 1, '2024-06-13 21:07:31', '2024-07-16 11:18:39', '/storage/uploads/2024/06/14/pd1.jpg'),
(9, 'Dây Nhảy Tập Thể Dục Giảm Cân Không Dây Chuyên Nghiệp PD2', 'Thiết bị thể thao [MỚI]', '<p>Chất liệu: PP + PVC + silicon</p>\r\n\r\n<p>K&iacute;ch thước: Chiều d&agrave;i tay cầm khoảng. 13,5cm, b&oacute;ng kh&ocirc;ng d&acirc;y xấp xỉ trực tiếp. 75cm</p>\r\n\r\n<p>Trọng lượng: 270 g / 1 cặp kh&ocirc;ng tải, 390 g / 1 cặp kh&ocirc;ng tải</p>\r\n\r\n<p><img alt=\"\" src=\"https://down-vn.img.susercontent.com/file/sg-11134201-7rbmu-llykqr1wgxuhe2\" style=\"height:800px; width:800px\" /></p>', 5, 66000, 42000, 198, 1, '2024-06-13 21:12:17', '2024-07-16 11:16:50', '/storage/uploads/2024/06/14/pd2.jfif'),
(10, 'Tạ Tay Nữ Chuyên Tập Gym Yoga Pilates Thể Dục Tại Nhà GEPO PD3', 'Thiết bị thể thao [MỚI]', '<p><strong>Chất liệu: Vỏ Nhựa PP + L&otilde;i Xi măng</strong></p>\r\n\r\n<p>Size S: 2kg</p>\r\n\r\n<p>Size M: 4kg</p>\r\n\r\n<p>Size L: 5kg</p>\r\n\r\n<p><img alt=\"\" src=\"https://down-vn.img.susercontent.com/file/vn-11134207-7r98o-lqw2c4t3k2isf2\" style=\"height:850px; width:850px\" /></p>\r\n\r\n<p>*Sản phẩm tốt nhất trong ph&acirc;n kh&uacute;c gi&aacute;.</p>\r\n\r\n<p>&nbsp;</p>\r\n\r\n<p>* Sản phẩm được kiểm tra kĩ c&agrave;ng, cẩn thận v&agrave; tư vấn nhiệt t&igrave;nh trước khi g&oacute;i h&agrave;ng giao cho Qu&yacute; Kh&aacute;ch</p>\r\n\r\n<p>&nbsp;</p>\r\n\r\n<p>* Cam kết sản phẩm giống h&igrave;nh ảnh đến 100%</p>\r\n\r\n<p>&nbsp;</p>\r\n\r\n<p>* Kh&aacute;c biệt duy nhất l&agrave; m&agrave;u sắc do &aacute;nh s&aacute;ng v&agrave; độ ph&acirc;n giải c&aacute;c m&agrave;n h&igrave;nh hiển thị nhưng KH&Ocirc;NG Đ&Aacute;NG KỂ.</p>\r\n\r\n<p><img alt=\"\" src=\"https://down-vn.img.susercontent.com/file/vn-11134207-7r98o-lqw2c4t3h9dwaf\" style=\"height:850px; width:850px\" /></p>', 5, 120000, 99000, 16, 1, '2024-06-13 21:23:16', '2024-07-16 11:21:41', '/storage/uploads/2024/06/14/pd3.jpg'),
(11, 'Dây kháng lực số 8 tập yoga,gym,pilates PD4', 'Thiết bị thể thao [MỚI]', '<p>D&acirc;y kh&aacute;ng lực số 8 tập yoga,gym,pilates</p>\r\n\r\n<p>---</p>\r\n\r\n<p>ĐẶC T&Iacute;NH KỸ THUẬT D&Acirc;Y KH&Aacute;NG LỰC SỐ 8</p>\r\n\r\n<p>-Được l&agrave;m bằng TPE thế hệ mới th&acirc;n thiện với con người v&agrave; m&ocirc;i trường, c&oacute; độ đ&agrave;n hồi tốt, lực đ&agrave;n hồi mạnh, t&iacute;nh an to&agrave;n cao,bền bỉ.</p>\r\n\r\n<p>-Tay cầm xốp EVA &ecirc;m &aacute;i, độ nh&aacute;m vừa phải gi&uacute;p tăng ma s&aacute;t, chắc tay khi tập luyện mang đến sự tự t&iacute;n rất cần thiết</p>\r\n\r\n<p>-Với ph&acirc;n loại đ&uacute;c: Sản phẩm được l&agrave;m ho&agrave;n to&agrave;n từ cao su silicon non với độ co gi&atilde;n v&agrave; đ&agrave;n hồi tốt, bền bỉ</p>\r\n\r\n<p>-K&iacute;ch thước: 400x130x10mm v&agrave; nặng khoảng 60g</p>\r\n\r\n<p>---</p>\r\n\r\n<p>ỨNG DỤNG D&Acirc;Y KH&Aacute;NG LỰC SỐ 8 TRONG TẬP GYM,YOGA,PILATES</p>\r\n\r\n<p>-D&acirc;y K&eacute;o Đ&agrave;n Hồi l&agrave; dụng cụ tập gym tại nh&agrave; được sử dụng nhiều với c&aacute;c b&agrave;i tập cardio, luyện sức bền hay thể lực, cung cấp lực đ&agrave;n hồi tốt, n&acirc;ng cao hiệu quả luyện tập cho cơ đ&ugrave;i săn chắc, eo thon.</p>\r\n\r\n<p>-D&acirc;y k&eacute;o tập gym đa năng c&oacute; thể tập đa chiều n&ecirc;n c&oacute; thể ph&aacute;t triển c&aacute;c nh&oacute;m cơ nhỏ.</p>\r\n\r\n<p>-D&acirc;y được thiết kế dễ mang theo, c&oacute; thể tập tại nh&agrave;, khi đi du lịch hoặc đi c&ocirc;ng t&aacute;c xa, c&oacute; thể tập mọi l&uacute;c mọi nơi.</p>\r\n\r\n<p>-Khi tập với d&acirc;y đ&agrave;n hồi kh&aacute;ng lực, c&aacute;c nh&oacute;m cơ của bạn sẽ ph&aacute;t triển c&acirc;n bằng, kh&ocirc;ng so lệch.</p>', 5, 66000, 39000, 36, 1, '2024-06-13 21:25:56', '2024-07-16 11:21:00', '/storage/uploads/2024/06/14/pd4.jfif'),
(41, 'Dây Tập Bụng, Dây Kéo Đàn Hồi Kháng Lực 4 ống, Cao Su Tập Bụng Tại Nhà, bộ căng bàn đạp, tập yoga tại nhà, giãn cơ toàn thân PD17', 'Chất liệu: TPE + bọt', '<p>Th&ocirc;ng số kỹ thuật:</p>\r\n\r\n<p>T&ecirc;n: D&acirc;y đeo kh&aacute;ng b&agrave;n đạp</p>\r\n\r\n<p>Chất liệu: TPE + bọt</p>\r\n\r\n<p>K&iacute;ch thước: khoảng 26 * 48cm / 10,24 * 18,9 inch</p>\r\n\r\n<p>Chiều d&agrave;i k&eacute;o d&agrave;i: khoảng 120cm / 47,24 inch</p>\r\n\r\n<p><img alt=\"\" src=\"https://down-vn.img.susercontent.com/file/sg-11134201-7rd51-lu90426u79rw1f\" style=\"height:1024px; width:1024px\" /><img alt=\"\" src=\"https://down-vn.img.susercontent.com/file/sg-11134201-7rd41-lu90424w8ow189\" style=\"height:1024px; width:1024px\" /><img alt=\"\" src=\"https://down-vn.img.susercontent.com/file/sg-11134201-7rd3k-lu903ycxrnwjc6\" style=\"height:1024px; width:1024px\" /></p>\r\n\r\n<div class=\"ddict_btn\" style=\"left:215.035px; top:126px\"><img src=\"chrome-extension://cianljdimgjlpmjllcbahmpdnicglaap/logo/48.png\" /></div>', 5, 89000, 49000, 413, 1, '2024-07-02 16:12:59', '2024-07-16 01:55:43', '/storage/uploads/2024/07/03/pd17.jfif');

-- --------------------------------------------------------

--
-- Table structure for table `sliders`
--

CREATE TABLE `sliders` (
  `id` bigint(20) UNSIGNED NOT NULL,
  `name` varchar(255) NOT NULL,
  `url` varchar(255) DEFAULT NULL,
  `thumb` varchar(255) NOT NULL,
  `sort_by` int(11) NOT NULL,
  `active` int(11) NOT NULL,
  `created_at` timestamp NULL DEFAULT NULL,
  `updated_at` timestamp NULL DEFAULT NULL
) ENGINE=InnoDB DEFAULT CHARSET=utf8mb4 COLLATE=utf8mb4_unicode_ci;

--
-- Dumping data for table `sliders`
--

INSERT INTO `sliders` (`id`, `name`, `url`, `thumb`, `sort_by`, `active`, `created_at`, `updated_at`) VALUES
(2, 'Bộ Đồ Tập GYM Nam Mẫu Mới 2024 PD7', 'http://127.0.0.1:8000/san-pham/14-bo-do-tap-gym-nam-mau-moi-2024-pd7.html', '/storage/uploads/2024/07/13/pd7.jfif', 2, 1, '2024-06-14 06:04:31', '2024-07-12 19:49:33'),
(3, 'HOT 2024 Áo tập gym nữ', 'http://127.0.0.1:8000/san-pham/15-ao-thun-tap-gym-yoga-nu-pd8.html', '/storage/uploads/2024/06/14/pd8.jfif', 1, 1, '2024-06-14 06:09:11', '2024-06-14 12:13:31'),
(4, 'Tạ Tay Nữ Chuyên Tập Gym Yoga Pilates Thể Dục Tại Nhà 2.5KG PD3', 'http://127.0.0.1:8000/san-pham/10-ta-tay-nu-chuyen-tap-gym-yoga-pilates-the-duc-tai-nha-gepo-25kg-pd3.html', '/storage/uploads/2024/06/14/pd3.jpg', 1, 1, '2024-06-14 11:54:34', '2024-06-26 06:03:26');

-- --------------------------------------------------------

--
-- Table structure for table `users`
--

CREATE TABLE `users` (
  `id` bigint(20) UNSIGNED NOT NULL,
  `name` varchar(255) NOT NULL,
  `email` varchar(255) NOT NULL,
  `email_verified_at` timestamp NULL DEFAULT NULL,
  `password` varchar(255) NOT NULL,
  `remember_token` varchar(100) DEFAULT NULL,
  `created_at` timestamp NULL DEFAULT NULL,
  `updated_at` timestamp NULL DEFAULT NULL,
  `role` int(1) NOT NULL DEFAULT 0,
  `status` tinyint(4) NOT NULL DEFAULT 1
) ENGINE=InnoDB DEFAULT CHARSET=utf8mb4 COLLATE=utf8mb4_unicode_ci;

--
-- Dumping data for table `users`
--

INSERT INTO `users` (`id`, `name`, `email`, `email_verified_at`, `password`, `remember_token`, `created_at`, `updated_at`, `role`, `status`) VALUES
(1, 'Admin', 'admin@gmail.com', NULL, '$2y$12$REhj1c3jgj6vrVDPrjPSaufZ6Jnm3b2VfNnuKZi/VfB/buo5bIV5S', 'UpwVzwEqbuMhb8zYq00ZizfKSKOxth0hb5CMMTPpIWnMoglYkOaDjSQOlCLa', NULL, NULL, 1, 1),
(4, 'Hà Hoàng', 'tuanh292929@gmail.com', NULL, '$2y$10$PFWHaj.sC/Ge3cesO9Uf5OzCzXs898CbHWxhimXXvd4oeIQXwn7oq', NULL, '2024-07-06 04:21:41', '2024-07-13 23:19:04', 0, 1),
(5, 'Ánh Dương', 'tuanh123@gmail.com', NULL, '$2y$10$mwlcvqinG6ccvAv.OEvnf.tmbPuUhFpZKW.bC00gdP9oN0g2UnaK2', NULL, '2024-07-06 04:23:33', '2024-07-16 01:04:50', 0, 1),
(6, 'Hoàng Ánh', 'tuanh12345@gmail.com', NULL, '$2y$10$TKz8eYVwrfIUe7h.dr7qMesXIrcsg2HID7AFKxKYrsi9iWrfo3oDG', NULL, '2024-07-06 08:56:22', '2024-07-06 08:56:22', 0, 1),
(7, 'Vi Đức', 'viduc2811@gmail.com', NULL, '$2y$10$BIctmY.Ncf6I5tgqH6UIWuXjp3Itydiv5qR0Hz17IDTotTWXzwe8W', NULL, '2024-07-10 02:23:51', '2024-07-16 11:42:28', 0, 1);

--
-- Indexes for dumped tables
--

--
-- Indexes for table `carts`
--
ALTER TABLE `carts`
  ADD PRIMARY KEY (`id`),
  ADD KEY `customer_id` (`customer_id`),
  ADD KEY `product_id` (`product_id`);

--
-- Indexes for table `customers`
--
ALTER TABLE `customers`
  ADD PRIMARY KEY (`id`);

--
-- Indexes for table `menus`
--
ALTER TABLE `menus`
  ADD PRIMARY KEY (`id`);

--
-- Indexes for table `migrations`
--
ALTER TABLE `migrations`
  ADD PRIMARY KEY (`id`);

--
-- Indexes for table `orders`
--
ALTER TABLE `orders`
  ADD PRIMARY KEY (`id`),
  ADD KEY `orders_customer_id_foreign` (`customer_id`),
  ADD KEY `orders_user_id_foreign` (`user_id`);

--
-- Indexes for table `order_details`
--
ALTER TABLE `order_details`
  ADD PRIMARY KEY (`id`),
  ADD KEY `order_details_order_id_foreign` (`order_id`);

--
-- Indexes for table `posts`
--
ALTER TABLE `posts`
  ADD PRIMARY KEY (`id`);

--
-- Indexes for table `products`
--
ALTER TABLE `products`
  ADD PRIMARY KEY (`id`),
  ADD KEY `menu_id` (`menu_id`);

--
-- Indexes for table `sliders`
--
ALTER TABLE `sliders`
  ADD PRIMARY KEY (`id`);

--
-- Indexes for table `users`
--
ALTER TABLE `users`
  ADD PRIMARY KEY (`id`),
  ADD UNIQUE KEY `users_email_unique` (`email`);

--
-- AUTO_INCREMENT for dumped tables
--

--
-- AUTO_INCREMENT for table `carts`
--
ALTER TABLE `carts`
  MODIFY `id` bigint(20) UNSIGNED NOT NULL AUTO_INCREMENT, AUTO_INCREMENT=13;

--
-- AUTO_INCREMENT for table `customers`
--
ALTER TABLE `customers`
  MODIFY `id` bigint(20) UNSIGNED NOT NULL AUTO_INCREMENT, AUTO_INCREMENT=207;

--
-- AUTO_INCREMENT for table `menus`
--
ALTER TABLE `menus`
  MODIFY `id` bigint(20) UNSIGNED NOT NULL AUTO_INCREMENT, AUTO_INCREMENT=19;

--
-- AUTO_INCREMENT for table `migrations`
--
ALTER TABLE `migrations`
  MODIFY `id` int(10) UNSIGNED NOT NULL AUTO_INCREMENT, AUTO_INCREMENT=36;

--
-- AUTO_INCREMENT for table `orders`
--
ALTER TABLE `orders`
  MODIFY `id` bigint(20) UNSIGNED NOT NULL AUTO_INCREMENT, AUTO_INCREMENT=8;

--
-- AUTO_INCREMENT for table `order_details`
--
ALTER TABLE `order_details`
  MODIFY `id` bigint(20) UNSIGNED NOT NULL AUTO_INCREMENT;

--
-- AUTO_INCREMENT for table `posts`
--
ALTER TABLE `posts`
  MODIFY `id` bigint(20) UNSIGNED NOT NULL AUTO_INCREMENT, AUTO_INCREMENT=15;

--
-- AUTO_INCREMENT for table `products`
--
ALTER TABLE `products`
  MODIFY `id` bigint(20) UNSIGNED NOT NULL AUTO_INCREMENT, AUTO_INCREMENT=42;

--
-- AUTO_INCREMENT for table `sliders`
--
ALTER TABLE `sliders`
  MODIFY `id` bigint(20) UNSIGNED NOT NULL AUTO_INCREMENT, AUTO_INCREMENT=7;

--
-- AUTO_INCREMENT for table `users`
--
ALTER TABLE `users`
  MODIFY `id` bigint(20) UNSIGNED NOT NULL AUTO_INCREMENT, AUTO_INCREMENT=8;

--
-- Constraints for dumped tables
--

--
-- Constraints for table `carts`
--
ALTER TABLE `carts`
  ADD CONSTRAINT `carts_ibfk_1` FOREIGN KEY (`customer_id`) REFERENCES `customers` (`id`) ON DELETE CASCADE,
  ADD CONSTRAINT `carts_ibfk_2` FOREIGN KEY (`product_id`) REFERENCES `products` (`id`) ON DELETE CASCADE;

--
-- Constraints for table `orders`
--
ALTER TABLE `orders`
  ADD CONSTRAINT `orders_customer_id_foreign` FOREIGN KEY (`customer_id`) REFERENCES `customers` (`id`) ON DELETE CASCADE,
  ADD CONSTRAINT `orders_user_id_foreign` FOREIGN KEY (`user_id`) REFERENCES `users` (`id`) ON DELETE CASCADE;

--
-- Constraints for table `order_details`
--
ALTER TABLE `order_details`
  ADD CONSTRAINT `order_details_order_id_foreign` FOREIGN KEY (`order_id`) REFERENCES `orders` (`id`) ON DELETE CASCADE;

--
-- Constraints for table `products`
--
ALTER TABLE `products`
  ADD CONSTRAINT `products_ibfk_1` FOREIGN KEY (`menu_id`) REFERENCES `menus` (`id`) ON DELETE CASCADE;
COMMIT;

/*!40101 SET CHARACTER_SET_CLIENT=@OLD_CHARACTER_SET_CLIENT */;
/*!40101 SET CHARACTER_SET_RESULTS=@OLD_CHARACTER_SET_RESULTS */;
/*!40101 SET COLLATION_CONNECTION=@OLD_COLLATION_CONNECTION */;
